date,base,quote,rate
2020-12-19,EUR,GBP,0.90632
2020-12-20,EUR,GBP,0.906685
2020-12-21,EUR,GBP,0.914306
2020-12-22,EUR,GBP,0.911388
2020-12-23,EUR,GBP,0.906093
2020-12-24,EUR,GBP,0.89939
2020-12-25,EUR,GBP,0.898425
2020-12-26,EUR,GBP,0.898425
2020-12-27,EUR,GBP,0.898522
2020-12-28,EUR,GBP,0.90427
2020-12-29,EUR,GBP,0.907542
2020-12-30,EUR,GBP,0.904627
2020-12-31,EUR,GBP,0.898522
2021-01-01,EUR,GBP,0.894035
2021-01-02,EUR,GBP,0.894035
2021-01-03,EUR,GBP,0.894169
2021-01-04,EUR,GBP,0.899554
2021-01-05,EUR,GBP,0.902956
2021-01-06,EUR,GBP,0.904382
2021-01-07,EUR,GBP,0.904674
2021-01-08,EUR,GBP,0.90191
2021-01-09,EUR,GBP,0.90105
2021-01-10,EUR,GBP,0.90106
2021-01-11,EUR,GBP,0.901079
2021-01-12,EUR,GBP,0.895268
2021-01-13,EUR,GBP,0.891662
2021-01-14,EUR,GBP,0.889588
2021-01-15,EUR,GBP,0.888832
2021-01-16,EUR,GBP,0.88883
2021-01-17,EUR,GBP,0.888828
2021-01-18,EUR,GBP,0.889869
2021-01-19,EUR,GBP,0.889874
2021-01-20,EUR,GBP,0.887446
2021-01-21,EUR,GBP,0.885691
2021-01-22,EUR,GBP,0.889326
2021-01-23,EUR,GBP,0.88953
2021-01-24,EUR,GBP,0.889505
2021-01-25,EUR,GBP,0.88826
2021-01-26,EUR,GBP,0.887196
2021-01-27,EUR,GBP,0.884212
2021-01-28,EUR,GBP,0.884746
2021-01-29,EUR,GBP,0.884372
2021-01-30,EUR,GBP,0.88561
2021-01-31,EUR,GBP,0.885566
2021-02-01,EUR,GBP,0.882744
2021-02-02,EUR,GBP,0.881592
2021-02-03,EUR,GBP,0.881257
2021-02-04,EUR,GBP,0.879398
2021-02-05,EUR,GBP,0.875552
2021-02-06,EUR,GBP,0.877
2021-02-07,EUR,GBP,0.877008
2021-02-08,EUR,GBP,0.87725
2021-02-09,EUR,GBP,0.877344
2021-02-10,EUR,GBP,0.876515
2021-02-11,EUR,GBP,0.877176
2021-02-12,EUR,GBP,0.876978
2021-02-13,EUR,GBP,0.875075
2021-02-14,EUR,GBP,0.875038
2021-02-15,EUR,GBP,0.872704
2021-02-16,EUR,GBP,0.871436
2021-02-17,EUR,GBP,0.869708
2021-02-18,EUR,GBP,0.866886
2021-02-19,EUR,GBP,0.865694
2021-02-20,EUR,GBP,0.865085
2021-02-21,EUR,GBP,0.865061
2021-02-22,EUR,GBP,0.864504
2021-02-23,EUR,GBP,0.862926
2021-02-24,EUR,GBP,0.859358
2021-02-25,EUR,GBP,0.863952
2021-02-26,EUR,GBP,0.868853
2021-02-27,EUR,GBP,0.8669
2021-02-28,EUR,GBP,0.866838
2021-03-01,EUR,GBP,0.864474
2021-03-02,EUR,GBP,0.865332
2021-03-03,EUR,GBP,0.864888
2021-03-04,EUR,GBP,0.862888
2021-03-05,EUR,GBP,0.861826
2021-03-06,EUR,GBP,0.86127
2021-03-07,EUR,GBP,0.861259
2021-03-08,EUR,GBP,0.858962
2021-03-09,EUR,GBP,0.856668
2021-03-10,EUR,GBP,0.856375
2021-03-11,EUR,GBP,0.856526
2021-03-12,EUR,GBP,0.857435
2021-03-13,EUR,GBP,0.85851
2021-03-14,EUR,GBP,0.858468
2021-03-15,EUR,GBP,0.857772
2021-03-16,EUR,GBP,0.859002
2021-03-17,EUR,GBP,0.857054
2021-03-18,EUR,GBP,0.856208
2021-03-19,EUR,GBP,0.856898
2021-03-20,EUR,GBP,0.85835
2021-03-21,EUR,GBP,0.858406
2021-03-22,EUR,GBP,0.860067
2021-03-23,EUR,GBP,0.861732
2021-03-24,EUR,GBP,0.862892
2021-03-25,EUR,GBP,0.860366
2021-03-26,EUR,GBP,0.855548
2021-03-27,EUR,GBP,0.855025
2021-03-28,EUR,GBP,0.855025
2021-03-29,EUR,GBP,0.854168
2021-03-30,EUR,GBP,0.853805
2021-03-31,EUR,GBP,0.851906
2021-04-01,EUR,GBP,0.851347
2021-04-02,EUR,GBP,0.850836
2021-04-03,EUR,GBP,0.850495
2021-04-04,EUR,GBP,0.850548
2021-04-05,EUR,GBP,0.849372
2021-04-06,EUR,GBP,0.854016
2021-04-07,EUR,GBP,0.861694
2021-04-08,EUR,GBP,0.864982
2021-04-09,EUR,GBP,0.867227
2021-04-10,EUR,GBP,0.86817
2021-04-11,EUR,GBP,0.868166
2021-04-12,EUR,GBP,0.86684
2021-04-13,EUR,GBP,0.86721
2021-04-14,EUR,GBP,0.868658
2021-04-15,EUR,GBP,0.86867
2021-04-16,EUR,GBP,0.868062
2021-04-17,EUR,GBP,0.86544
2021-04-18,EUR,GBP,0.865486
2021-04-19,EUR,GBP,0.862969
2021-04-20,EUR,GBP,0.862482
2021-04-21,EUR,GBP,0.863294
2021-04-22,EUR,GBP,0.866312
2021-04-23,EUR,GBP,0.869582
2021-04-24,EUR,GBP,0.8716
2021-04-25,EUR,GBP,0.871589
2021-04-26,EUR,GBP,0.870106
2021-04-27,EUR,GBP,0.86913
2021-04-28,EUR,GBP,0.86967
2021-04-29,EUR,GBP,0.869146
2021-04-30,EUR,GBP,0.869654
2021-05-01,EUR,GBP,0.8698
2021-05-02,EUR,GBP,0.869873
2021-05-03,EUR,GBP,0.86851
2021-05-04,EUR,GBP,0.866342
2021-05-05,EUR,GBP,0.863516
2021-05-06,EUR,GBP,0.866178
2021-05-07,EUR,GBP,0.868497
2021-05-08,EUR,GBP,0.86985
2021-05-09,EUR,GBP,0.869628
2021-05-10,EUR,GBP,0.862402
2021-05-11,EUR,GBP,0.8596
2021-05-12,EUR,GBP,0.858456
2021-05-13,EUR,GBP,0.859914
2021-05-14,EUR,GBP,0.86102
2021-05-15,EUR,GBP,0.861445
2021-05-16,EUR,GBP,0.86145
2021-05-17,EUR,GBP,0.860789
2021-05-18,EUR,GBP,0.860074
2021-05-19,EUR,GBP,0.862322
2021-05-20,EUR,GBP,0.8626
2021-05-21,EUR,GBP,0.860997
2021-05-22,EUR,GBP,0.86089
2021-05-23,EUR,GBP,0.860906
2021-05-24,EUR,GBP,0.862482
2021-05-25,EUR,GBP,0.86461
2021-05-26,EUR,GBP,0.864488
2021-05-27,EUR,GBP,0.861496
2021-05-28,EUR,GBP,0.859008
2021-05-29,EUR,GBP,0.85917
2021-05-30,EUR,GBP,0.859208
2021-05-31,EUR,GBP,0.860135
2021-06-01,EUR,GBP,0.861765
2021-06-02,EUR,GBP,0.862097
2021-06-03,EUR,GBP,0.860322
2021-06-04,EUR,GBP,0.858752
2021-06-05,EUR,GBP,0.859205
2021-06-06,EUR,GBP,0.859186
2021-06-07,EUR,GBP,0.859774
2021-06-08,EUR,GBP,0.860552
2021-06-09,EUR,GBP,0.86137
2021-06-10,EUR,GBP,0.861181
2021-06-11,EUR,GBP,0.858606
2021-06-12,EUR,GBP,0.8585
2021-06-13,EUR,GBP,0.858431
2021-06-14,EUR,GBP,0.858677
2021-06-15,EUR,GBP,0.860479
2021-06-16,EUR,GBP,0.859189
2021-06-17,EUR,GBP,0.85596
2021-06-18,EUR,GBP,0.85767
2021-06-19,EUR,GBP,0.85921
2021-06-20,EUR,GBP,0.859194
2021-06-21,EUR,GBP,0.857306
2021-06-22,EUR,GBP,0.856178
2021-06-23,EUR,GBP,0.85494
2021-06-24,EUR,GBP,0.856032
2021-06-25,EUR,GBP,0.858704
2021-06-26,EUR,GBP,0.85969
2021-06-27,EUR,GBP,0.859669
2021-06-28,EUR,GBP,0.85852
2021-06-29,EUR,GBP,0.85956
2021-06-30,EUR,GBP,0.858542
2021-07-01,EUR,GBP,0.859516
2021-07-02,EUR,GBP,0.859298
2021-07-03,EUR,GBP,0.85768
2021-07-04,EUR,GBP,0.857674
2021-07-05,EUR,GBP,0.857023
2021-07-06,EUR,GBP,0.855895
2021-07-07,EUR,GBP,0.855822
2021-07-08,EUR,GBP,0.858282
2021-07-09,EUR,GBP,0.857396
2021-07-10,EUR,GBP,0.85442
2021-07-11,EUR,GBP,0.854422
2021-07-12,EUR,GBP,0.854708
2021-07-13,EUR,GBP,0.853851
2021-07-14,EUR,GBP,0.85265
2021-07-15,EUR,GBP,0.854215
2021-07-16,EUR,GBP,0.855402
2021-07-17,EUR,GBP,0.85755
2021-07-18,EUR,GBP,0.857594
2021-07-19,EUR,GBP,0.860428
2021-07-20,EUR,GBP,0.863962
2021-07-21,EUR,GBP,0.862712
2021-07-22,EUR,GBP,0.857424
2021-07-23,EUR,GBP,0.855841
2021-07-24,EUR,GBP,0.85597
2021-07-25,EUR,GBP,0.855935
2021-07-26,EUR,GBP,0.855214
2021-07-27,EUR,GBP,0.853326
2021-07-28,EUR,GBP,0.851319
2021-07-29,EUR,GBP,0.8511
2021-07-30,EUR,GBP,0.852388
2021-07-31,EUR,GBP,0.853885
2021-08-01,EUR,GBP,0.853865
2021-08-02,EUR,GBP,0.854418
2021-08-03,EUR,GBP,0.853668
2021-08-04,EUR,GBP,0.852042
2021-08-05,EUR,GBP,0.850724
2021-08-06,EUR,GBP,0.848472
2021-08-07,EUR,GBP,0.84783
2021-08-08,EUR,GBP,0.847792
2021-08-09,EUR,GBP,0.847666
2021-08-10,EUR,GBP,0.846892
2021-08-11,EUR,GBP,0.847092
2021-08-12,EUR,GBP,0.847914
2021-08-13,EUR,GBP,0.85048
2021-08-14,EUR,GBP,0.850305
2021-08-15,EUR,GBP,0.850344
2021-08-16,EUR,GBP,0.850674
2021-08-17,EUR,GBP,0.852367
2021-08-18,EUR,GBP,0.851724
2021-08-19,EUR,GBP,0.85407
2021-08-20,EUR,GBP,0.857816
2021-08-21,EUR,GBP,0.85895
2021-08-22,EUR,GBP,0.8589
2021-08-23,EUR,GBP,0.85703
2021-08-24,EUR,GBP,0.855868
2021-08-25,EUR,GBP,0.855753
2021-08-26,EUR,GBP,0.856719
2021-08-27,EUR,GBP,0.857526
2021-08-28,EUR,GBP,0.85706
2021-08-29,EUR,GBP,0.857092
2021-08-30,EUR,GBP,0.857474
2021-08-31,EUR,GBP,0.8582
2021-09-01,EUR,GBP,0.8592
2021-09-02,EUR,GBP,0.85889
2021-09-03,EUR,GBP,0.857846
2021-09-04,EUR,GBP,0.8569
2021-09-05,EUR,GBP,0.856927
2021-09-06,EUR,GBP,0.85754
2021-09-07,EUR,GBP,0.85898
2021-09-08,EUR,GBP,0.858868
2021-09-09,EUR,GBP,0.85611
2021-09-10,EUR,GBP,0.853656
2021-09-11,EUR,GBP,0.85352
2021-09-12,EUR,GBP,0.853536
2021-09-13,EUR,GBP,0.853069
2021-09-14,EUR,GBP,0.853375
2021-09-15,EUR,GBP,0.854402
2021-09-16,EUR,GBP,0.852929
2021-09-17,EUR,GBP,0.853418
2021-09-18,EUR,GBP,0.8535
2021-09-19,EUR,GBP,0.853564
2021-09-20,EUR,GBP,0.85674
2021-09-21,EUR,GBP,0.858216
2021-09-22,EUR,GBP,0.859102
2021-09-23,EUR,GBP,0.856461
2021-09-24,EUR,GBP,0.856274
2021-09-25,EUR,GBP,0.85696
2021-09-26,EUR,GBP,0.857026
2021-09-27,EUR,GBP,0.854829
2021-09-28,EUR,GBP,0.85859
2021-09-29,EUR,GBP,0.863498
2021-09-30,EUR,GBP,0.861078
2021-10-01,EUR,GBP,0.857667
2021-10-02,EUR,GBP,0.855935
2021-10-03,EUR,GBP,0.855896
2021-10-04,EUR,GBP,0.855004
2021-10-05,EUR,GBP,0.851905
2021-10-06,EUR,GBP,0.85097
2021-10-07,EUR,GBP,0.849701
2021-10-08,EUR,GBP,0.849122
2021-10-09,EUR,GBP,0.850035
2021-10-10,EUR,GBP,0.849986
2021-10-11,EUR,GBP,0.848876
2021-10-12,EUR,GBP,0.849194
2021-10-13,EUR,GBP,0.848554
2021-10-14,EUR,GBP,0.847484
2021-10-15,EUR,GBP,0.845204
2021-10-16,EUR,GBP,0.84334
2021-10-17,EUR,GBP,0.843312
2021-10-18,EUR,GBP,0.844552
2021-10-19,EUR,GBP,0.844294
2021-10-20,EUR,GBP,0.84352
2021-10-21,EUR,GBP,0.843222
2021-10-22,EUR,GBP,0.84447
2021-10-23,EUR,GBP,0.84648
2021-10-24,EUR,GBP,0.846446
2021-10-25,EUR,GBP,0.844478
2021-10-26,EUR,GBP,0.842256
2021-10-27,EUR,GBP,0.844
2021-10-28,EUR,GBP,0.845238
2021-10-29,EUR,GBP,0.845264
2021-10-30,EUR,GBP,0.844585
2021-10-31,EUR,GBP,0.844621
2021-11-01,EUR,GBP,0.846885
2021-11-02,EUR,GBP,0.850162
2021-11-03,EUR,GBP,0.84913
2021-11-04,EUR,GBP,0.851592
2021-11-05,EUR,GBP,0.856748
2021-11-06,EUR,GBP,0.85716
2021-11-07,EUR,GBP,0.85717
2021-11-08,EUR,GBP,0.856084
2021-11-09,EUR,GBP,0.85449
2021-11-10,EUR,GBP,0.855166
2021-11-11,EUR,GBP,0.856126
2021-11-12,EUR,GBP,0.854587
2021-11-13,EUR,GBP,0.85316
2021-11-14,EUR,GBP,0.853143
2021-11-15,EUR,GBP,0.851184
2021-11-16,EUR,GBP,0.845168
2021-11-17,EUR,GBP,0.84079
2021-11-18,EUR,GBP,0.840782
2021-11-19,EUR,GBP,0.840616
2021-11-20,EUR,GBP,0.83875
2021-11-21,EUR,GBP,0.83875
2021-11-22,EUR,GBP,0.839144
2021-11-23,EUR,GBP,0.840652
2021-11-24,EUR,GBP,0.840047
2021-11-25,EUR,GBP,0.841254
2021-11-26,EUR,GBP,0.846137
2021-11-27,EUR,GBP,0.84883
2021-11-28,EUR,GBP,0.848688
2021-11-29,EUR,GBP,0.846583
2021-11-30,EUR,GBP,0.850608
2021-12-01,EUR,GBP,0.851226
2021-12-02,EUR,GBP,0.850982
2021-12-03,EUR,GBP,0.852032
2021-12-04,EUR,GBP,0.85462
2021-12-05,EUR,GBP,0.85456
2021-12-06,EUR,GBP,0.851942
2021-12-07,EUR,GBP,0.850188
2021-12-08,EUR,GBP,0.854772
2021-12-09,EUR,GBP,0.8566
2021-12-10,EUR,GBP,0.853885
2021-12-11,EUR,GBP,0.853295
2021-12-12,EUR,GBP,0.853302
2021-12-13,EUR,GBP,0.852744
2021-12-14,EUR,GBP,0.853214
2021-12-15,EUR,GBP,0.850968
2021-12-16,EUR,GBP,0.850616
2021-12-17,EUR,GBP,0.850252
2021-12-18,EUR,GBP,0.848825
2021-12-19,EUR,GBP,0.848857
2021-12-20,EUR,GBP,0.852664
2021-12-21,EUR,GBP,0.852143
2021-12-22,EUR,GBP,0.849304
2021-12-23,EUR,GBP,0.845919
2021-12-24,EUR,GBP,0.844832
2021-12-25,EUR,GBP,0.84502
2021-12-26,EUR,GBP,0.844983
2021-12-27,EUR,GBP,0.84371
2021-12-28,EUR,GBP,0.84235
2021-12-29,EUR,GBP,0.841422
2021-12-30,EUR,GBP,0.839484
2021-12-31,EUR,GBP,0.8395
2022-01-01,EUR,GBP,0.84055
2022-01-02,EUR,GBP,0.840566
2022-01-03,EUR,GBP,0.839515
2022-01-04,EUR,GBP,0.836374
2022-01-05,EUR,GBP,0.834855
2022-01-06,EUR,GBP,0.835446
2022-01-07,EUR,GBP,0.835062
2022-01-08,EUR,GBP,0.83593
2022-01-09,EUR,GBP,0.835914
2022-01-10,EUR,GBP,0.834405
2022-01-11,EUR,GBP,0.834098
2022-01-12,EUR,GBP,0.834092
2022-01-13,EUR,GBP,0.834934
2022-01-14,EUR,GBP,0.83511
2022-01-15,EUR,GBP,0.834415
2022-01-16,EUR,GBP,0.834432
2022-01-17,EUR,GBP,0.8353
2022-01-18,EUR,GBP,0.835277
2022-01-19,EUR,GBP,0.832776
2022-01-20,EUR,GBP,0.832402
2022-01-21,EUR,GBP,0.835286
2022-01-22,EUR,GBP,0.837015
2022-01-23,EUR,GBP,0.836998
2022-01-24,EUR,GBP,0.838097
2022-01-25,EUR,GBP,0.837834
2022-01-26,EUR,GBP,0.83571
2022-01-27,EUR,GBP,0.833925
2022-01-28,EUR,GBP,0.832074
2022-01-29,EUR,GBP,0.83193
2022-01-30,EUR,GBP,0.83193
2022-01-31,EUR,GBP,0.833026
2022-02-01,EUR,GBP,0.834344
2022-02-02,EUR,GBP,0.833506
2022-02-03,EUR,GBP,0.83596
2022-02-04,EUR,GBP,0.844536
2022-02-05,EUR,GBP,0.84648
2022-02-06,EUR,GBP,0.846487
2022-02-07,EUR,GBP,0.845462
2022-02-08,EUR,GBP,0.843402
2022-02-09,EUR,GBP,0.843102
2022-02-10,EUR,GBP,0.843156
2022-02-11,EUR,GBP,0.839517
2022-02-12,EUR,GBP,0.83704
2022-02-13,EUR,GBP,0.837034
2022-02-14,EUR,GBP,0.83676
2022-02-15,EUR,GBP,0.837608
2022-02-16,EUR,GBP,0.838112
2022-02-17,EUR,GBP,0.835358
2022-02-18,EUR,GBP,0.834234
2022-02-19,EUR,GBP,0.833245
2022-02-20,EUR,GBP,0.833206
2022-02-21,EUR,GBP,0.833117
2022-02-22,EUR,GBP,0.83388
2022-02-23,EUR,GBP,0.834107
2022-02-24,EUR,GBP,0.834648
2022-02-25,EUR,GBP,0.837584
2022-02-26,EUR,GBP,0.84035
2022-02-27,EUR,GBP,0.840013
2022-02-28,EUR,GBP,0.835944
2022-03-01,EUR,GBP,0.83453
2022-03-02,EUR,GBP,0.832806
2022-03-03,EUR,GBP,0.82868
2022-03-04,EUR,GBP,0.826236
2022-03-05,EUR,GBP,0.82624
2022-03-06,EUR,GBP,0.826098
2022-03-07,EUR,GBP,0.825579
2022-03-08,EUR,GBP,0.830504
2022-03-09,EUR,GBP,0.835888
2022-03-10,EUR,GBP,0.839302
2022-03-11,EUR,GBP,0.838987
2022-03-12,EUR,GBP,0.837015
2022-03-13,EUR,GBP,0.837108
2022-03-14,EUR,GBP,0.839926
2022-03-15,EUR,GBP,0.841266
2022-03-16,EUR,GBP,0.84019
2022-03-17,EUR,GBP,0.841228
2022-03-18,EUR,GBP,0.840466
2022-03-19,EUR,GBP,0.838545
2022-03-20,EUR,GBP,0.838588
2022-03-21,EUR,GBP,0.83845
2022-03-22,EUR,GBP,0.833722
2022-03-23,EUR,GBP,0.832079
2022-03-24,EUR,GBP,0.833446
2022-03-25,EUR,GBP,0.834324
2022-03-26,EUR,GBP,0.833405
2022-03-27,EUR,GBP,0.833424
2022-03-28,EUR,GBP,0.836232
2022-03-29,EUR,GBP,0.843356
2022-03-30,EUR,GBP,0.848059
2022-03-31,EUR,GBP,0.846296
2022-04-01,EUR,GBP,0.842492
2022-04-02,EUR,GBP,0.84257
2022-04-03,EUR,GBP,0.842568
2022-04-04,EUR,GBP,0.839394
2022-04-05,EUR,GBP,0.834994
2022-04-06,EUR,GBP,0.833916
2022-04-07,EUR,GBP,0.83339
2022-04-08,EUR,GBP,0.83332
2022-04-09,EUR,GBP,0.834365
2022-04-10,EUR,GBP,0.834574
2022-04-11,EUR,GBP,0.836071
2022-04-12,EUR,GBP,0.834117
2022-04-13,EUR,GBP,0.831979
2022-04-14,EUR,GBP,0.829138
2022-04-15,EUR,GBP,0.82757
2022-04-16,EUR,GBP,0.82837
2022-04-17,EUR,GBP,0.828324
2022-04-18,EUR,GBP,0.828731
2022-04-19,EUR,GBP,0.829438
2022-04-20,EUR,GBP,0.830522
2022-04-21,EUR,GBP,0.832304
2022-04-22,EUR,GBP,0.83762
2022-04-23,EUR,GBP,0.841165
2022-04-24,EUR,GBP,0.841278
2022-04-25,EUR,GBP,0.842036
2022-04-26,EUR,GBP,0.842776
2022-04-27,EUR,GBP,0.84313
2022-04-28,EUR,GBP,0.842026
2022-04-29,EUR,GBP,0.840396
2022-04-30,EUR,GBP,0.83867
2022-05-01,EUR,GBP,0.838613
2022-05-02,EUR,GBP,0.839128
2022-05-03,EUR,GBP,0.8408
2022-05-04,EUR,GBP,0.842295
2022-05-05,EUR,GBP,0.84825
2022-05-06,EUR,GBP,0.854584
2022-05-07,EUR,GBP,0.85482
2022-05-08,EUR,GBP,0.854756
2022-05-09,EUR,GBP,0.855346
2022-05-10,EUR,GBP,0.855613
2022-05-11,EUR,GBP,0.855736
2022-05-12,EUR,GBP,0.85488
2022-05-13,EUR,GBP,0.850632
2022-05-14,EUR,GBP,0.848825
2022-05-15,EUR,GBP,0.848835
2022-05-16,EUR,GBP,0.849249
2022-05-17,EUR,GBP,0.844693
2022-05-18,EUR,GBP,0.846731
2022-05-19,EUR,GBP,0.84777
2022-05-20,EUR,GBP,0.84707
2022-05-21,EUR,GBP,0.84519
2022-05-22,EUR,GBP,0.845264
2022-05-23,EUR,GBP,0.847288
2022-05-24,EUR,GBP,0.85422
2022-05-25,EUR,GBP,0.852103
2022-05-26,EUR,GBP,0.850606
2022-05-27,EUR,GBP,0.849956
2022-05-28,EUR,GBP,0.8499
2022-05-29,EUR,GBP,0.849882
2022-05-30,EUR,GBP,0.851314
2022-05-31,EUR,GBP,0.8515
2022-06-01,EUR,GBP,0.852194
2022-06-02,EUR,GBP,0.853602
2022-06-03,EUR,GBP,0.856137
2022-06-04,EUR,GBP,0.85837
2022-06-05,EUR,GBP,0.858348
2022-06-06,EUR,GBP,0.855184
2022-06-07,EUR,GBP,0.852788
2022-06-08,EUR,GBP,0.853286
2022-06-09,EUR,GBP,0.85327
2022-06-10,EUR,GBP,0.852038
2022-06-11,EUR,GBP,0.85404
2022-06-12,EUR,GBP,0.854068
2022-06-13,EUR,GBP,0.856656
2022-06-14,EUR,GBP,0.863253
2022-06-15,EUR,GBP,0.864442
2022-06-16,EUR,GBP,0.856576
2022-06-17,EUR,GBP,0.856668
2022-06-18,EUR,GBP,0.85879
2022-06-19,EUR,GBP,0.858706
2022-06-20,EUR,GBP,0.859194
2022-06-21,EUR,GBP,0.858662
2022-06-22,EUR,GBP,0.860092
2022-06-23,EUR,GBP,0.860322
2022-06-24,EUR,GBP,0.858648
2022-06-25,EUR,GBP,0.85979
2022-06-26,EUR,GBP,0.85981
2022-06-27,EUR,GBP,0.861284
2022-06-28,EUR,GBP,0.862825
2022-06-29,EUR,GBP,0.862667
2022-06-30,EUR,GBP,0.86033
2022-07-01,EUR,GBP,0.863445
2022-07-02,EUR,GBP,0.86215
2022-07-03,EUR,GBP,0.862084
2022-07-04,EUR,GBP,0.861296
2022-07-05,EUR,GBP,0.859354
2022-07-06,EUR,GBP,0.856086
2022-07-07,EUR,GBP,0.849812
2022-07-08,EUR,GBP,0.845936
2022-07-09,EUR,GBP,0.84634
2022-07-10,EUR,GBP,0.846308
2022-07-11,EUR,GBP,0.845897
2022-07-12,EUR,GBP,0.84506
2022-07-13,EUR,GBP,0.844512
2022-07-14,EUR,GBP,0.846488
2022-07-15,EUR,GBP,0.848924
2022-07-16,EUR,GBP,0.8499
2022-07-17,EUR,GBP,0.849862
2022-07-18,EUR,GBP,0.848525
2022-07-19,EUR,GBP,0.851225
2022-07-20,EUR,GBP,0.851458
2022-07-21,EUR,GBP,0.852594
2022-07-22,EUR,GBP,0.851031
2022-07-23,EUR,GBP,0.850685
2022-07-24,EUR,GBP,0.850723
2022-07-25,EUR,GBP,0.849564
2022-07-26,EUR,GBP,0.844874
2022-07-27,EUR,GBP,0.840792
2022-07-28,EUR,GBP,0.837792
2022-07-29,EUR,GBP,0.8389
2022-07-30,EUR,GBP,0.83944
2022-07-31,EUR,GBP,0.839426
2022-08-01,EUR,GBP,0.837888
2022-08-02,EUR,GBP,0.836914
2022-08-03,EUR,GBP,0.836314
2022-08-04,EUR,GBP,0.839636
2022-08-05,EUR,GBP,0.843028
2022-08-06,EUR,GBP,0.843445
2022-08-07,EUR,GBP,0.843444
2022-08-08,EUR,GBP,0.843138
2022-08-09,EUR,GBP,0.844946
2022-08-10,EUR,GBP,0.844577
2022-08-11,EUR,GBP,0.845126
2022-08-12,EUR,GBP,0.846178
2022-08-13,EUR,GBP,0.845325
2022-08-14,EUR,GBP,0.845348
2022-08-15,EUR,GBP,0.844247
2022-08-16,EUR,GBP,0.842168
2022-08-17,EUR,GBP,0.842195
2022-08-18,EUR,GBP,0.844751
2022-08-19,EUR,GBP,0.848194
2022-08-20,EUR,GBP,0.84877
2022-08-21,EUR,GBP,0.848786
2022-08-22,EUR,GBP,0.84679
2022-08-23,EUR,GBP,0.84352
2022-08-24,EUR,GBP,0.843434
2022-08-25,EUR,GBP,0.843998
2022-08-26,EUR,GBP,0.84647
2022-08-27,EUR,GBP,0.84877
2022-08-28,EUR,GBP,0.848855
2022-08-29,EUR,GBP,0.852772
2022-08-30,EUR,GBP,0.85673
2022-08-31,EUR,GBP,0.861546
2022-09-01,EUR,GBP,0.863684
2022-09-02,EUR,GBP,0.864262
2022-09-03,EUR,GBP,0.864675
2022-09-04,EUR,GBP,0.864596
2022-09-05,EUR,GBP,0.862793
2022-09-06,EUR,GBP,0.859408
2022-09-07,EUR,GBP,0.86472
2022-09-08,EUR,GBP,0.868405
2022-09-09,EUR,GBP,0.868
2022-09-10,EUR,GBP,0.86648
2022-09-11,EUR,GBP,0.866577
2022-09-12,EUR,GBP,0.86757
2022-09-13,EUR,GBP,0.86714
2022-09-14,EUR,GBP,0.865752
2022-09-15,EUR,GBP,0.868348
2022-09-16,EUR,GBP,0.875167
2022-09-17,EUR,GBP,0.876885
2022-09-18,EUR,GBP,0.876867
2022-09-19,EUR,GBP,0.876889
2022-09-20,EUR,GBP,0.876247
2022-09-21,EUR,GBP,0.874037
2022-09-22,EUR,GBP,0.873566
2022-09-23,EUR,GBP,0.88269
2022-09-24,EUR,GBP,0.893355
2022-09-25,EUR,GBP,0.893604
2022-09-26,EUR,GBP,0.902076
2022-09-27,EUR,GBP,0.893882
2022-09-28,EUR,GBP,0.896188
2022-09-29,EUR,GBP,0.890394
2022-09-30,EUR,GBP,0.879943
2022-10-01,EUR,GBP,0.87739
2022-10-02,EUR,GBP,0.877436
2022-10-03,EUR,GBP,0.873272
2022-10-04,EUR,GBP,0.87003
2022-10-05,EUR,GBP,0.872653
2022-10-06,EUR,GBP,0.875916
2022-10-07,EUR,GBP,0.877618
2022-10-08,EUR,GBP,0.877935
2022-10-09,EUR,GBP,0.878028
2022-10-10,EUR,GBP,0.87782
2022-10-11,EUR,GBP,0.878706
2022-10-12,EUR,GBP,0.878983
2022-10-13,EUR,GBP,0.868964
2022-10-14,EUR,GBP,0.867172
2022-10-15,EUR,GBP,0.87019
2022-10-16,EUR,GBP,0.869744
2022-10-17,EUR,GBP,0.86498
2022-10-18,EUR,GBP,0.869281
2022-10-19,EUR,GBP,0.87039
2022-10-20,EUR,GBP,0.871586
2022-10-21,EUR,GBP,0.874016
2022-10-22,EUR,GBP,0.87311
2022-10-23,EUR,GBP,0.872546
2022-10-24,EUR,GBP,0.871324
2022-10-25,EUR,GBP,0.87098
2022-10-26,EUR,GBP,0.867512
2022-10-27,EUR,GBP,0.864824
2022-10-28,EUR,GBP,0.860935
2022-10-29,EUR,GBP,0.858065
2022-10-30,EUR,GBP,0.858134
2022-10-31,EUR,GBP,0.859933
2022-11-01,EUR,GBP,0.860797
2022-11-02,EUR,GBP,0.860544
2022-11-03,EUR,GBP,0.867861
2022-11-04,EUR,GBP,0.873889
2022-11-05,EUR,GBP,0.875545
2022-11-06,EUR,GBP,0.875624
2022-11-07,EUR,GBP,0.87334
2022-11-08,EUR,GBP,0.871515
2022-11-09,EUR,GBP,0.877111
2022-11-10,EUR,GBP,0.875032
2022-11-11,EUR,GBP,0.874246
2022-11-12,EUR,GBP,0.875045
2022-11-13,EUR,GBP,0.875081
2022-11-14,EUR,GBP,0.877169
2022-11-15,EUR,GBP,0.875425
2022-11-16,EUR,GBP,0.87403
2022-11-17,EUR,GBP,0.873532
2022-11-18,EUR,GBP,0.87031
2022-11-19,EUR,GBP,0.86857
2022-11-20,EUR,GBP,0.86857
2022-11-21,EUR,GBP,0.867798
2022-11-22,EUR,GBP,0.865834
2022-11-23,EUR,GBP,0.864824
2022-11-24,EUR,GBP,0.860511
2022-11-25,EUR,GBP,0.860006
2022-11-26,EUR,GBP,0.85985
2022-11-27,EUR,GBP,0.859863
2022-11-28,EUR,GBP,0.863041
2022-11-29,EUR,GBP,0.863784
2022-11-30,EUR,GBP,0.863916
2022-12-01,EUR,GBP,0.859858
2022-12-02,EUR,GBP,0.858228
2022-12-03,EUR,GBP,0.857415
2022-12-04,EUR,GBP,0.857452
2022-12-05,EUR,GBP,0.859768
2022-12-06,EUR,GBP,0.86118
2022-12-07,EUR,GBP,0.862048
2022-12-08,EUR,GBP,0.862302
2022-12-09,EUR,GBP,0.860554
2022-12-10,EUR,GBP,0.858855
2022-12-11,EUR,GBP,0.858898
2022-12-12,EUR,GBP,0.85954
2022-12-13,EUR,GBP,0.858858
2022-12-14,EUR,GBP,0.859902
2022-12-15,EUR,GBP,0.865108
2022-12-16,EUR,GBP,0.872334
2022-12-17,EUR,GBP,0.872285
2022-12-18,EUR,GBP,0.872162
2022-12-19,EUR,GBP,0.871578
2022-12-20,EUR,GBP,0.873697
2022-12-21,EUR,GBP,0.875454
2022-12-22,EUR,GBP,0.879677
2022-12-23,EUR,GBP,0.880678
2022-12-24,EUR,GBP,0.881005
2022-12-25,EUR,GBP,0.881005
2022-12-26,EUR,GBP,0.88102
2022-12-27,EUR,GBP,0.883188
2022-12-28,EUR,GBP,0.883291
2022-12-29,EUR,GBP,0.883802
2022-12-30,EUR,GBP,0.885336
2022-12-31,EUR,GBP,0.88509
2023-01-01,EUR,GBP,0.885083
2023-01-02,EUR,GBP,0.885398
2023-01-03,EUR,GBP,0.882518
2023-01-04,EUR,GBP,0.88034
2023-01-05,EUR,GBP,0.882874
2023-01-06,EUR,GBP,0.882692
2023-01-07,EUR,GBP,0.88034
2023-01-08,EUR,GBP,0.880318
2023-01-09,EUR,GBP,0.880278
2023-01-10,EUR,GBP,0.882737
2023-01-11,EUR,GBP,0.885015
2023-01-12,EUR,GBP,0.88648
2023-01-13,EUR,GBP,0.887313
2023-01-14,EUR,GBP,0.885565
2023-01-15,EUR,GBP,0.885578
2023-01-16,EUR,GBP,0.886478
2023-01-17,EUR,GBP,0.883848
2023-01-18,EUR,GBP,0.876584
2023-01-19,EUR,GBP,0.875333
2023-01-20,EUR,GBP,0.875739
2023-01-21,EUR,GBP,0.875625
2023-01-22,EUR,GBP,0.875643
2023-01-23,EUR,GBP,0.878166
2023-01-24,EUR,GBP,0.880881
2023-01-25,EUR,GBP,0.882432
2023-01-26,EUR,GBP,0.87921
2023-01-27,EUR,GBP,0.877968
2023-01-28,EUR,GBP,0.87685
2023-01-29,EUR,GBP,0.876856
2023-01-30,EUR,GBP,0.87828
2023-01-31,EUR,GBP,0.879878
2023-02-01,EUR,GBP,0.884554
2023-02-02,EUR,GBP,0.8905
2023-02-03,EUR,GBP,0.893872
2023-02-04,EUR,GBP,0.895525
2023-02-05,EUR,GBP,0.895562
2023-02-06,EUR,GBP,0.893686
2023-02-07,EUR,GBP,0.891566
2023-02-08,EUR,GBP,0.888954
2023-02-09,EUR,GBP,0.886557
2023-02-10,EUR,GBP,0.88529
2023-02-11,EUR,GBP,0.88551
2023-02-12,EUR,GBP,0.885528
2023-02-13,EUR,GBP,0.884644
2023-02-14,EUR,GBP,0.882592
2023-02-15,EUR,GBP,0.886309
2023-02-16,EUR,GBP,0.889142
2023-02-17,EUR,GBP,0.889766
2023-02-18,EUR,GBP,0.888085
2023-02-19,EUR,GBP,0.88811
2023-02-20,EUR,GBP,0.887966
2023-02-21,EUR,GBP,0.883094
2023-02-22,EUR,GBP,0.880087
2023-02-23,EUR,GBP,0.880974
2023-02-24,EUR,GBP,0.882254
2023-02-25,EUR,GBP,0.88322
2023-02-26,EUR,GBP,0.88319
2023-02-27,EUR,GBP,0.881357
2023-02-28,EUR,GBP,0.878262
2023-03-01,EUR,GBP,0.884047
2023-03-02,EUR,GBP,0.887201
2023-03-03,EUR,GBP,0.885112
2023-03-04,EUR,GBP,0.882945
2023-03-05,EUR,GBP,0.882952
2023-03-06,EUR,GBP,0.886052
2023-03-07,EUR,GBP,0.889412
2023-03-08,EUR,GBP,0.890988
2023-03-09,EUR,GBP,0.888873
2023-03-10,EUR,GBP,0.88556
2023-03-11,EUR,GBP,0.88417
2023-03-12,EUR,GBP,0.884218
2023-03-13,EUR,GBP,0.883302
2023-03-14,EUR,GBP,0.881304
2023-03-15,EUR,GBP,0.879374
2023-03-16,EUR,GBP,0.877543
2023-03-17,EUR,GBP,0.876142
2023-03-18,EUR,GBP,0.875565
2023-03-19,EUR,GBP,0.875598
2023-03-20,EUR,GBP,0.874854
2023-03-21,EUR,GBP,0.878382
2023-03-22,EUR,GBP,0.881322
2023-03-23,EUR,GBP,0.884148
2023-03-24,EUR,GBP,0.880596
2023-03-25,EUR,GBP,0.879805
2023-03-26,EUR,GBP,0.879854
2023-03-27,EUR,GBP,0.87899
2023-03-28,EUR,GBP,0.878742
2023-03-29,EUR,GBP,0.8797
2023-03-30,EUR,GBP,0.88055
2023-03-31,EUR,GBP,0.879509
2023-04-01,EUR,GBP,0.879255
2023-04-02,EUR,GBP,0.879248
2023-04-03,EUR,GBP,0.878601
2023-04-04,EUR,GBP,0.876261
2023-04-05,EUR,GBP,0.876471
2023-04-06,EUR,GBP,0.876232
2023-04-07,EUR,GBP,0.877738
2023-04-08,EUR,GBP,0.87761
2023-04-09,EUR,GBP,0.877648
2023-04-10,EUR,GBP,0.877599
2023-04-11,EUR,GBP,0.877727
2023-04-12,EUR,GBP,0.879902
2023-04-13,EUR,GBP,0.88121
2023-04-14,EUR,GBP,0.884138
2023-04-15,EUR,GBP,0.885615
2023-04-16,EUR,GBP,0.885602
2023-04-17,EUR,GBP,0.884094
2023-04-18,EUR,GBP,0.88261
2023-04-19,EUR,GBP,0.881332
2023-04-20,EUR,GBP,0.881536
2023-04-21,EUR,GBP,0.883292
2023-04-22,EUR,GBP,0.8833
2023-04-23,EUR,GBP,0.883285
2023-04-24,EUR,GBP,0.8843
2023-04-25,EUR,GBP,0.885042
2023-04-26,EUR,GBP,0.88515
2023-04-27,EUR,GBP,0.884514
2023-04-28,EUR,GBP,0.879889
2023-04-29,EUR,GBP,0.87658
2023-04-30,EUR,GBP,0.876609
2023-05-01,EUR,GBP,0.877734
2023-05-02,EUR,GBP,0.880266
2023-05-03,EUR,GBP,0.881725
2023-05-04,EUR,GBP,0.878269
2023-05-05,EUR,GBP,0.873905
2023-05-06,EUR,GBP,0.872395
2023-05-07,EUR,GBP,0.8724
2023-05-08,EUR,GBP,0.872566
2023-05-09,EUR,GBP,0.869918
2023-05-10,EUR,GBP,0.869066
2023-05-11,EUR,GBP,0.870555
2023-05-12,EUR,GBP,0.871546
2023-05-13,EUR,GBP,0.871585
2023-05-14,EUR,GBP,0.87159
2023-05-15,EUR,GBP,0.869758
2023-05-16,EUR,GBP,0.869614
2023-05-17,EUR,GBP,0.869325
2023-05-18,EUR,GBP,0.868492
2023-05-19,EUR,GBP,0.868303
2023-05-20,EUR,GBP,0.868325
2023-05-21,EUR,GBP,0.868335
2023-05-22,EUR,GBP,0.869172
2023-05-23,EUR,GBP,0.86884
2023-05-24,EUR,GBP,0.868706
2023-05-25,EUR,GBP,0.869347
2023-05-26,EUR,GBP,0.869127
2023-05-27,EUR,GBP,0.86858
2023-05-28,EUR,GBP,0.868562
2023-05-29,EUR,GBP,0.867809
2023-05-30,EUR,GBP,0.865153
2023-05-31,EUR,GBP,0.861884
2023-06-01,EUR,GBP,0.858922
2023-06-02,EUR,GBP,0.859447
2023-06-03,EUR,GBP,0.86004
2023-06-04,EUR,GBP,0.860076
2023-06-05,EUR,GBP,0.861712
2023-06-06,EUR,GBP,0.861124
2023-06-07,EUR,GBP,0.860141
2023-06-08,EUR,GBP,0.859703
2023-06-09,EUR,GBP,0.856752
2023-06-10,EUR,GBP,0.85454
2023-06-11,EUR,GBP,0.854528
2023-06-12,EUR,GBP,0.857338
2023-06-13,EUR,GBP,0.858137
2023-06-14,EUR,GBP,0.855242
2023-06-15,EUR,GBP,0.856144
2023-06-16,EUR,GBP,0.854516
2023-06-17,EUR,GBP,0.853385
2023-06-18,EUR,GBP,0.853323
2023-06-19,EUR,GBP,0.853348
2023-06-20,EUR,GBP,0.8553
2023-06-21,EUR,GBP,0.858148
2023-06-22,EUR,GBP,0.860507
2023-06-23,EUR,GBP,0.857306
2023-06-24,EUR,GBP,0.85685
2023-06-25,EUR,GBP,0.856884
2023-06-26,EUR,GBP,0.85727
2023-06-27,EUR,GBP,0.859238
2023-06-28,EUR,GBP,0.862242
2023-06-29,EUR,GBP,0.862611
2023-06-30,EUR,GBP,0.859654
2023-07-01,EUR,GBP,0.859355
2023-07-02,EUR,GBP,0.859328
2023-07-03,EUR,GBP,0.859501
2023-07-04,EUR,GBP,0.85749
2023-07-05,EUR,GBP,0.855714
2023-07-06,EUR,GBP,0.854152
2023-07-07,EUR,GBP,0.854234
2023-07-08,EUR,GBP,0.854205
2023-07-09,EUR,GBP,0.854216
2023-07-10,EUR,GBP,0.855704
2023-07-11,EUR,GBP,0.852967
2023-07-12,EUR,GBP,0.853956
2023-07-13,EUR,GBP,0.855403
2023-07-14,EUR,GBP,0.85634
2023-07-15,EUR,GBP,0.857365
2023-07-16,EUR,GBP,0.857388
2023-07-17,EUR,GBP,0.858638
2023-07-18,EUR,GBP,0.859742
2023-07-19,EUR,GBP,0.865877
2023-07-20,EUR,GBP,0.866798
2023-07-21,EUR,GBP,0.865313
2023-07-22,EUR,GBP,0.86569
2023-07-23,EUR,GBP,0.86569
2023-07-24,EUR,GBP,0.863945
2023-07-25,EUR,GBP,0.860076
2023-07-26,EUR,GBP,0.857214
2023-07-27,EUR,GBP,0.857146
2023-07-28,EUR,GBP,0.857244
2023-07-29,EUR,GBP,0.857415
2023-07-30,EUR,GBP,0.857439
2023-07-31,EUR,GBP,0.857172
2023-08-01,EUR,GBP,0.858236
2023-08-02,EUR,GBP,0.860239
2023-08-03,EUR,GBP,0.861433
2023-08-04,EUR,GBP,0.862106
2023-08-05,EUR,GBP,0.863075
2023-08-06,EUR,GBP,0.863102
2023-08-07,EUR,GBP,0.861944
2023-08-08,EUR,GBP,0.860767
2023-08-09,EUR,GBP,0.861548
2023-08-10,EUR,GBP,0.864522
2023-08-11,EUR,GBP,0.864214
2023-08-12,EUR,GBP,0.862295
2023-08-13,EUR,GBP,0.862284
2023-08-14,EUR,GBP,0.861496
2023-08-15,EUR,GBP,0.8593
2023-08-16,EUR,GBP,0.856642
2023-08-17,EUR,GBP,0.853748
2023-08-18,EUR,GBP,0.853858
2023-08-19,EUR,GBP,0.853475
2023-08-20,EUR,GBP,0.853506
2023-08-21,EUR,GBP,0.85451
2023-08-22,EUR,GBP,0.852974
2023-08-23,EUR,GBP,0.853513
2023-08-24,EUR,GBP,0.856169
2023-08-25,EUR,GBP,0.857664
2023-08-26,EUR,GBP,0.858205
2023-08-27,EUR,GBP,0.85818
2023-08-28,EUR,GBP,0.858382
2023-08-29,EUR,GBP,0.858874
2023-08-30,EUR,GBP,0.859632
2023-08-31,EUR,GBP,0.857164
2023-09-01,EUR,GBP,0.85612
2023-09-02,EUR,GBP,0.856225
2023-09-03,EUR,GBP,0.856174
2023-09-04,EUR,GBP,0.855148
2023-09-05,EUR,GBP,0.854438
2023-09-06,EUR,GBP,0.855682
2023-09-07,EUR,GBP,0.85819
2023-09-08,EUR,GBP,0.858129
2023-09-09,EUR,GBP,0.858675
2023-09-10,EUR,GBP,0.85864
2023-09-11,EUR,GBP,0.857842
2023-09-12,EUR,GBP,0.859352
2023-09-13,EUR,GBP,0.860356
2023-09-14,EUR,GBP,0.858985
2023-09-15,EUR,GBP,0.859087
2023-09-16,EUR,GBP,0.8608
2023-09-17,EUR,GBP,0.860794
2023-09-18,EUR,GBP,0.861627
2023-09-19,EUR,GBP,0.862579
2023-09-20,EUR,GBP,0.863962
2023-09-21,EUR,GBP,0.86594
2023-09-22,EUR,GBP,0.868648
2023-09-23,EUR,GBP,0.869705
2023-09-24,EUR,GBP,0.869696
2023-09-25,EUR,GBP,0.86868
2023-09-26,EUR,GBP,0.868944
2023-09-27,EUR,GBP,0.86783
2023-09-28,EUR,GBP,0.865196
2023-09-29,EUR,GBP,0.866008
2023-09-30,EUR,GBP,0.866595
2023-10-01,EUR,GBP,0.866592
2023-10-02,EUR,GBP,0.866638
2023-10-03,EUR,GBP,0.867018
2023-10-04,EUR,GBP,0.866105
2023-10-05,EUR,GBP,0.865736
2023-10-06,EUR,GBP,0.86508
2023-10-07,EUR,GBP,0.86516
2023-10-08,EUR,GBP,0.865102
2023-10-09,EUR,GBP,0.864302
2023-10-10,EUR,GBP,0.863822
2023-10-11,EUR,GBP,0.862724
2023-10-12,EUR,GBP,0.863594
2023-10-13,EUR,GBP,0.864814
2023-10-14,EUR,GBP,0.865445
2023-10-15,EUR,GBP,0.865488
2023-10-16,EUR,GBP,0.865302
2023-10-17,EUR,GBP,0.866952
2023-10-18,EUR,GBP,0.867568
2023-10-19,EUR,GBP,0.870112
2023-10-20,EUR,GBP,0.871876
2023-10-21,EUR,GBP,0.87101
2023-10-22,EUR,GBP,0.871008
2023-10-23,EUR,GBP,0.871004
2023-10-24,EUR,GBP,0.870459
2023-10-25,EUR,GBP,0.871818
2023-10-26,EUR,GBP,0.871526
2023-10-27,EUR,GBP,0.871162
2023-10-28,EUR,GBP,0.871755
2023-10-29,EUR,GBP,0.871747
2023-10-30,EUR,GBP,0.87245
2023-10-31,EUR,GBP,0.872446
2023-11-01,EUR,GBP,0.86972
2023-11-02,EUR,GBP,0.870924
2023-11-03,EUR,GBP,0.869345
2023-11-04,EUR,GBP,0.8664
2023-11-05,EUR,GBP,0.866447
2023-11-06,EUR,GBP,0.867146
2023-11-07,EUR,GBP,0.868843
2023-11-08,EUR,GBP,0.870701
2023-11-09,EUR,GBP,0.871924
2023-11-10,EUR,GBP,0.873661
2023-11-11,EUR,GBP,0.87395
2023-11-12,EUR,GBP,0.873952
2023-11-13,EUR,GBP,0.87267
2023-11-14,EUR,GBP,0.871095
2023-11-15,EUR,GBP,0.872091
2023-11-16,EUR,GBP,0.87452
2023-11-17,EUR,GBP,0.874985
2023-11-18,EUR,GBP,0.87589
2023-11-19,EUR,GBP,0.875884
2023-11-20,EUR,GBP,0.8753
2023-11-21,EUR,GBP,0.872869
2023-11-22,EUR,GBP,0.870892
2023-11-23,EUR,GBP,0.870673
2023-11-24,EUR,GBP,0.868807
2023-11-25,EUR,GBP,0.868195
2023-11-26,EUR,GBP,0.86821
2023-11-27,EUR,GBP,0.867624
2023-11-28,EUR,GBP,0.866776
2023-11-29,EUR,GBP,0.865001
2023-11-30,EUR,GBP,0.863409
2023-12-01,EUR,GBP,0.859942
2023-12-02,EUR,GBP,0.85618
2023-12-03,EUR,GBP,0.856205
2023-12-04,EUR,GBP,0.857658
2023-12-05,EUR,GBP,0.857364
2023-12-06,EUR,GBP,0.856646
2023-12-07,EUR,GBP,0.857355
2023-12-08,EUR,GBP,0.85741
2023-12-09,EUR,GBP,0.857665
2023-12-10,EUR,GBP,0.85769
2023-12-11,EUR,GBP,0.857204
2023-12-12,EUR,GBP,0.85834
2023-12-13,EUR,GBP,0.86091
2023-12-14,EUR,GBP,0.861657
2023-12-15,EUR,GBP,0.85972
2023-12-16,EUR,GBP,0.859695
2023-12-17,EUR,GBP,0.859702
2023-12-18,EUR,GBP,0.861786
2023-12-19,EUR,GBP,0.86217
2023-12-20,EUR,GBP,0.864528
2023-12-21,EUR,GBP,0.86687
2023-12-22,EUR,GBP,0.866828
2023-12-23,EUR,GBP,0.86742
2023-12-24,EUR,GBP,0.86742
2023-12-25,EUR,GBP,0.867428
2023-12-26,EUR,GBP,0.867766
2023-12-27,EUR,GBP,0.868032
2023-12-28,EUR,GBP,0.8688
2023-12-29,EUR,GBP,0.868176
2023-12-30,EUR,GBP,0.867135
2023-12-31,EUR,GBP,0.867135
2024-01-01,EUR,GBP,0.867154
2024-01-02,EUR,GBP,0.866818
2024-01-03,EUR,GBP,0.8649
2024-01-04,EUR,GBP,0.862721
2024-01-05,EUR,GBP,0.861655
2024-01-06,EUR,GBP,0.860355
2024-01-07,EUR,GBP,0.860368
2024-01-08,EUR,GBP,0.860458
2024-01-09,EUR,GBP,0.859718
2024-01-10,EUR,GBP,0.860652
2024-01-11,EUR,GBP,0.86035
2024-01-12,EUR,GBP,0.859393
2024-01-13,EUR,GBP,0.858665
2024-01-14,EUR,GBP,0.8587
2024-01-15,EUR,GBP,0.860001
2024-01-16,EUR,GBP,0.860752
2024-01-17,EUR,GBP,0.858885
2024-01-18,EUR,GBP,0.857546
2024-01-19,EUR,GBP,0.85769
2024-01-20,EUR,GBP,0.857775
2024-01-21,EUR,GBP,0.857771
2024-01-22,EUR,GBP,0.856923
2024-01-23,EUR,GBP,0.855664
2024-01-24,EUR,GBP,0.85532
2024-01-25,EUR,GBP,0.854743
2024-01-26,EUR,GBP,0.853652
2024-01-27,EUR,GBP,0.854525
2024-01-28,EUR,GBP,0.854492
2024-01-29,EUR,GBP,0.85279
2024-01-30,EUR,GBP,0.85385
2024-01-31,EUR,GBP,0.853496
2024-02-01,EUR,GBP,0.853191
2024-02-02,EUR,GBP,0.85346
2024-02-03,EUR,GBP,0.854
2024-02-04,EUR,GBP,0.85399
2024-02-05,EUR,GBP,0.85545
2024-02-06,EUR,GBP,0.855112
2024-02-07,EUR,GBP,0.853144
2024-02-08,EUR,GBP,0.853773
2024-02-09,EUR,GBP,0.85391
2024-02-10,EUR,GBP,0.85396
2024-02-11,EUR,GBP,0.853979
2024-02-12,EUR,GBP,0.853712
2024-02-13,EUR,GBP,0.851548
2024-02-14,EUR,GBP,0.852548
2024-02-15,EUR,GBP,0.854892
2024-02-16,EUR,GBP,0.855334
2024-02-17,EUR,GBP,0.85527
2024-02-18,EUR,GBP,0.855256
2024-02-19,EUR,GBP,0.854888
2024-02-20,EUR,GBP,0.85602
2024-02-21,EUR,GBP,0.85628
2024-02-22,EUR,GBP,0.855996
2024-02-23,EUR,GBP,0.854272
2024-02-24,EUR,GBP,0.85397
2024-02-25,EUR,GBP,0.853966
2024-02-26,EUR,GBP,0.855009
2024-02-27,EUR,GBP,0.855504
2024-02-28,EUR,GBP,0.855623
2024-02-29,EUR,GBP,0.855958
2024-03-01,EUR,GBP,0.856278
2024-03-02,EUR,GBP,0.8566
2024-03-03,EUR,GBP,0.856596
2024-03-04,EUR,GBP,0.855874
2024-03-05,EUR,GBP,0.854999
2024-03-06,EUR,GBP,0.855026
2024-03-07,EUR,GBP,0.855058
2024-03-08,EUR,GBP,0.852556
2024-03-09,EUR,GBP,0.85074
2024-03-10,EUR,GBP,0.850772
2024-03-11,EUR,GBP,0.852076
2024-03-12,EUR,GBP,0.853988
2024-03-13,EUR,GBP,0.854784
2024-03-14,EUR,GBP,0.854396
2024-03-15,EUR,GBP,0.854396
2024-03-16,EUR,GBP,0.8549
2024-03-17,EUR,GBP,0.854905
2024-03-18,EUR,GBP,0.854939
2024-03-19,EUR,GBP,0.854478
2024-03-20,EUR,GBP,0.854248
2024-03-21,EUR,GBP,0.856066
2024-03-22,EUR,GBP,0.8581
2024-03-23,EUR,GBP,0.85775
2024-03-24,EUR,GBP,0.85777
2024-03-25,EUR,GBP,0.857521
2024-03-26,EUR,GBP,0.85773
2024-03-27,EUR,GBP,0.857452
2024-03-28,EUR,GBP,0.855632
2024-03-29,EUR,GBP,0.854406
2024-03-30,EUR,GBP,0.85519
2024-03-31,EUR,GBP,0.85508
2024-04-01,EUR,GBP,0.855041
2024-04-02,EUR,GBP,0.855804
2024-04-03,EUR,GBP,0.856736
2024-04-04,EUR,GBP,0.857346
2024-04-05,EUR,GBP,0.857714
2024-04-06,EUR,GBP,0.857475
2024-04-07,EUR,GBP,0.857524
2024-04-08,EUR,GBP,0.85788
2024-04-09,EUR,GBP,0.857145
2024-04-10,EUR,GBP,0.856166
2024-04-11,EUR,GBP,0.85545
2024-04-12,EUR,GBP,0.854264
2024-04-13,EUR,GBP,0.85467
2024-04-14,EUR,GBP,0.854664
2024-04-15,EUR,GBP,0.854031
2024-04-16,EUR,GBP,0.854073
2024-04-17,EUR,GBP,0.855042
2024-04-18,EUR,GBP,0.856061
2024-04-19,EUR,GBP,0.857968
2024-04-20,EUR,GBP,0.86149
2024-04-21,EUR,GBP,0.861476
2024-04-22,EUR,GBP,0.862322
2024-04-23,EUR,GBP,0.861327
2024-04-24,EUR,GBP,0.859248
2024-04-25,EUR,GBP,0.85784
2024-04-26,EUR,GBP,0.857047
2024-04-27,EUR,GBP,0.855875
2024-04-28,EUR,GBP,0.855908
2024-04-29,EUR,GBP,0.854618
2024-04-30,EUR,GBP,0.854034
2024-05-01,EUR,GBP,0.854696
2024-05-02,EUR,GBP,0.85546
2024-05-03,EUR,GBP,0.856596
2024-05-04,EUR,GBP,0.857795
2024-05-05,EUR,GBP,0.857782
2024-05-06,EUR,GBP,0.857221
2024-05-07,EUR,GBP,0.858621
2024-05-08,EUR,GBP,0.860354
2024-05-09,EUR,GBP,0.860564
2024-05-10,EUR,GBP,0.860308
2024-05-11,EUR,GBP,0.859975
2024-05-12,EUR,GBP,0.859993
2024-05-13,EUR,GBP,0.859828
2024-05-14,EUR,GBP,0.859576
2024-05-15,EUR,GBP,0.858668
2024-05-16,EUR,GBP,0.857914
2024-05-17,EUR,GBP,0.856807
2024-05-18,EUR,GBP,0.855895
2024-05-19,EUR,GBP,0.855894
2024-05-20,EUR,GBP,0.855427
2024-05-21,EUR,GBP,0.85425
2024-05-22,EUR,GBP,0.851998
2024-05-23,EUR,GBP,0.851496
2024-05-24,EUR,GBP,0.851902
2024-05-25,EUR,GBP,0.85153
2024-05-26,EUR,GBP,0.851538
2024-05-27,EUR,GBP,0.850921
2024-05-28,EUR,GBP,0.851002
2024-05-29,EUR,GBP,0.850558
2024-05-30,EUR,GBP,0.850765
2024-05-31,EUR,GBP,0.851688
2024-06-01,EUR,GBP,0.85146
2024-06-02,EUR,GBP,0.851478
2024-06-03,EUR,GBP,0.851762
2024-06-04,EUR,GBP,0.851543
2024-06-05,EUR,GBP,0.850976
2024-06-06,EUR,GBP,0.85107
2024-06-07,EUR,GBP,0.850545
2024-06-08,EUR,GBP,0.849185
2024-06-09,EUR,GBP,0.848873
2024-06-10,EUR,GBP,0.845664
2024-06-11,EUR,GBP,0.844165
2024-06-12,EUR,GBP,0.843626
2024-06-13,EUR,GBP,0.843866
2024-06-14,EUR,GBP,0.842551
2024-06-15,EUR,GBP,0.843705
2024-06-16,EUR,GBP,0.843744
2024-06-17,EUR,GBP,0.844754
2024-06-18,EUR,GBP,0.845134
2024-06-19,EUR,GBP,0.844534
2024-06-20,EUR,GBP,0.845106
2024-06-21,EUR,GBP,0.845784
2024-06-22,EUR,GBP,0.845745
2024-06-23,EUR,GBP,0.845744
2024-06-24,EUR,GBP,0.846202
2024-06-25,EUR,GBP,0.845014
2024-06-26,EUR,GBP,0.844988
2024-06-27,EUR,GBP,0.846428
2024-06-28,EUR,GBP,0.846864
2024-06-29,EUR,GBP,0.847225
2024-06-30,EUR,GBP,0.84743
2024-07-01,EUR,GBP,0.848936
2024-07-02,EUR,GBP,0.848008
2024-07-03,EUR,GBP,0.846795
2024-07-04,EUR,GBP,0.846838
2024-07-05,EUR,GBP,0.846514
2024-07-06,EUR,GBP,0.84591
2024-07-07,EUR,GBP,0.845803
2024-07-08,EUR,GBP,0.845018
2024-07-09,EUR,GBP,0.84535
2024-07-10,EUR,GBP,0.844376
2024-07-11,EUR,GBP,0.842214
2024-07-12,EUR,GBP,0.84061
2024-07-13,EUR,GBP,0.83969
2024-07-14,EUR,GBP,0.83966
2024-07-15,EUR,GBP,0.84014
2024-07-16,EUR,GBP,0.84029
2024-07-17,EUR,GBP,0.840132
2024-07-18,EUR,GBP,0.84135
2024-07-19,EUR,GBP,0.842314
2024-07-20,EUR,GBP,0.84276
2024-07-21,EUR,GBP,0.842761
2024-07-22,EUR,GBP,0.842473
2024-07-23,EUR,GBP,0.841484
2024-07-24,EUR,GBP,0.84042
2024-07-25,EUR,GBP,0.842298
2024-07-26,EUR,GBP,0.843864
2024-07-27,EUR,GBP,0.843735
2024-07-28,EUR,GBP,0.843728
2024-07-29,EUR,GBP,0.84283
2024-07-30,EUR,GBP,0.842262
2024-07-31,EUR,GBP,0.842828
2024-08-01,EUR,GBP,0.844558
2024-08-02,EUR,GBP,0.850317
2024-08-03,EUR,GBP,0.85213
2024-08-04,EUR,GBP,0.852194
2024-08-05,EUR,GBP,0.85701
2024-08-06,EUR,GBP,0.859124
2024-08-07,EUR,GBP,0.859616
2024-08-08,EUR,GBP,0.859168
2024-08-09,EUR,GBP,0.856051
2024-08-10,EUR,GBP,0.855575
2024-08-11,EUR,GBP,0.855598
2024-08-12,EUR,GBP,0.855838
2024-08-13,EUR,GBP,0.854735
2024-08-14,EUR,GBP,0.857323
2024-08-15,EUR,GBP,0.855698
2024-08-16,EUR,GBP,0.852288
2024-08-17,EUR,GBP,0.851895
2024-08-18,EUR,GBP,0.851899
2024-08-19,EUR,GBP,0.852354
2024-08-20,EUR,GBP,0.853043
2024-08-21,EUR,GBP,0.852823
2024-08-22,EUR,GBP,0.849864
2024-08-23,EUR,GBP,0.847668
2024-08-24,EUR,GBP,0.846925
2024-08-25,EUR,GBP,0.846939
2024-08-26,EUR,GBP,0.846725
2024-08-27,EUR,GBP,0.844765
2024-08-28,EUR,GBP,0.842688
2024-08-29,EUR,GBP,0.841693
2024-08-30,EUR,GBP,0.841456
2024-08-31,EUR,GBP,0.841575
2024-09-01,EUR,GBP,0.841552
2024-09-02,EUR,GBP,0.842085
2024-09-03,EUR,GBP,0.842265
2024-09-04,EUR,GBP,0.842826
2024-09-05,EUR,GBP,0.842878
2024-09-06,EUR,GBP,0.843574
2024-09-07,EUR,GBP,0.84422
2024-09-08,EUR,GBP,0.844225
2024-09-09,EUR,GBP,0.844032
2024-09-10,EUR,GBP,0.843482
2024-09-11,EUR,GBP,0.84408
2024-09-12,EUR,GBP,0.844182
2024-09-13,EUR,GBP,0.843846
2024-09-14,EUR,GBP,0.84391
2024-09-15,EUR,GBP,0.84394
2024-09-16,EUR,GBP,0.843052
2024-09-17,EUR,GBP,0.843362
2024-09-18,EUR,GBP,0.842858
2024-09-19,EUR,GBP,0.84077
2024-09-20,EUR,GBP,0.839084
2024-09-21,EUR,GBP,0.8379
2024-09-22,EUR,GBP,0.837928
2024-09-23,EUR,GBP,0.835459
2024-09-24,EUR,GBP,0.832809
2024-09-25,EUR,GBP,0.835386
2024-09-26,EUR,GBP,0.834204
2024-09-27,EUR,GBP,0.833894
2024-09-28,EUR,GBP,0.834745
2024-09-29,EUR,GBP,0.834738
2024-09-30,EUR,GBP,0.833658
2024-10-01,EUR,GBP,0.832887
2024-10-02,EUR,GBP,0.832895
2024-10-03,EUR,GBP,0.838744
2024-10-04,EUR,GBP,0.837842
2024-10-05,EUR,GBP,0.836165
2024-10-06,EUR,GBP,0.836164
2024-10-07,EUR,GBP,0.837956
2024-10-08,EUR,GBP,0.838498
2024-10-09,EUR,GBP,0.837606
2024-10-10,EUR,GBP,0.83692
2024-10-11,EUR,GBP,0.837258
2024-10-12,EUR,GBP,0.83694
2024-10-13,EUR,GBP,0.836951
2024-10-14,EUR,GBP,0.83618
2024-10-15,EUR,GBP,0.833818
2024-10-16,EUR,GBP,0.835592
2024-10-17,EUR,GBP,0.834198
2024-10-18,EUR,GBP,0.832126
2024-10-19,EUR,GBP,0.83259
2024-10-20,EUR,GBP,0.832608
2024-10-21,EUR,GBP,0.833034
2024-10-22,EUR,GBP,0.832788
2024-10-23,EUR,GBP,0.832509
2024-10-24,EUR,GBP,0.833798
2024-10-25,EUR,GBP,0.833774
2024-10-26,EUR,GBP,0.83286
2024-10-27,EUR,GBP,0.83286
2024-10-28,EUR,GBP,0.83333
2024-10-29,EUR,GBP,0.832339
2024-10-30,EUR,GBP,0.83437
2024-10-31,EUR,GBP,0.840008
2024-11-01,EUR,GBP,0.840618
2024-11-02,EUR,GBP,0.83859
2024-11-03,EUR,GBP,0.838634
2024-11-04,EUR,GBP,0.839824
2024-11-05,EUR,GBP,0.839011
2024-11-06,EUR,GBP,0.833656
2024-11-07,EUR,GBP,0.831955
2024-11-08,EUR,GBP,0.830906
2024-11-09,EUR,GBP,0.82962
2024-11-10,EUR,GBP,0.829622
2024-11-11,EUR,GBP,0.828508
2024-11-12,EUR,GBP,0.830262
2024-11-13,EUR,GBP,0.8326
2024-11-14,EUR,GBP,0.831499
2024-11-15,EUR,GBP,0.833732
2024-11-16,EUR,GBP,0.83508
2024-11-17,EUR,GBP,0.835068
2024-11-18,EUR,GBP,0.835454
2024-11-19,EUR,GBP,0.835616
2024-11-20,EUR,GBP,0.833647
2024-11-21,EUR,GBP,0.832862
2024-11-22,EUR,GBP,0.831908
2024-11-23,EUR,GBP,0.83138
2024-11-24,EUR,GBP,0.831469
2024-11-25,EUR,GBP,0.833788
2024-11-26,EUR,GBP,0.834928
2024-11-27,EUR,GBP,0.833936
2024-11-28,EUR,GBP,0.832576
2024-11-29,EUR,GBP,0.831363
2024-11-30,EUR,GBP,0.830365
2024-12-01,EUR,GBP,0.830342
2024-12-02,EUR,GBP,0.82908
2024-12-03,EUR,GBP,0.82974
2024-12-04,EUR,GBP,0.828478
2024-12-05,EUR,GBP,0.828462
2024-12-06,EUR,GBP,0.82916
2024-12-07,EUR,GBP,0.8293
2024-12-08,EUR,GBP,0.82926
2024-12-09,EUR,GBP,0.827906
2024-12-10,EUR,GBP,0.82601
2024-12-11,EUR,GBP,0.823914
2024-12-12,EUR,GBP,0.824558
2024-12-13,EUR,GBP,0.82935
2024-12-14,EUR,GBP,0.832135
2024-12-15,EUR,GBP,0.832124
2024-12-16,EUR,GBP,0.830203
2024-12-17,EUR,GBP,0.826903
2024-12-18,EUR,GBP,0.825705
2024-12-19,EUR,GBP,0.825833
2024-12-20,EUR,GBP,0.829612
2024-12-21,EUR,GBP,0.82991
2024-12-22,EUR,GBP,0.829944
2024-12-23,EUR,GBP,0.829825
2024-12-24,EUR,GBP,0.829238
2024-12-25,EUR,GBP,0.829325
2024-12-26,EUR,GBP,0.830491
2024-12-27,EUR,GBP,0.830488
2024-12-28,EUR,GBP,0.828735
2024-12-29,EUR,GBP,0.82877
2024-12-30,EUR,GBP,0.828934
2024-12-31,EUR,GBP,0.828608
2025-01-01,EUR,GBP,0.827471
2025-01-02,EUR,GBP,0.828854
2025-01-03,EUR,GBP,0.829328
2025-01-04,EUR,GBP,0.829885
2025-01-05,EUR,GBP,0.829849
2025-01-06,EUR,GBP,0.829773
2025-01-07,EUR,GBP,0.829458
2025-01-08,EUR,GBP,0.831833
2025-01-09,EUR,GBP,0.836997
2025-01-10,EUR,GBP,0.837985
2025-01-11,EUR,GBP,0.839215
2025-01-12,EUR,GBP,0.839226
2025-01-13,EUR,GBP,0.840346
2025-01-14,EUR,GBP,0.841932
2025-01-15,EUR,GBP,0.8427
2025-01-16,EUR,GBP,0.842167
2025-01-17,EUR,GBP,0.843795
2025-01-18,EUR,GBP,0.843995
2025-01-19,EUR,GBP,0.844017
2025-01-20,EUR,GBP,0.845104
2025-01-21,EUR,GBP,0.845146
2025-01-22,EUR,GBP,0.844856
2025-01-23,EUR,GBP,0.844499
2025-01-24,EUR,GBP,0.842766
2025-01-25,EUR,GBP,0.840705
2025-01-26,EUR,GBP,0.840678
2025-01-27,EUR,GBP,0.840504
2025-01-28,EUR,GBP,0.838616
2025-01-29,EUR,GBP,0.837722
2025-01-30,EUR,GBP,0.836934
2025-01-31,EUR,GBP,0.83628
2025-02-01,EUR,GBP,0.83584
2025-02-02,EUR,GBP,0.835606
2025-02-03,EUR,GBP,0.831752
2025-02-04,EUR,GBP,0.831364
2025-02-05,EUR,GBP,0.831986
2025-02-06,EUR,GBP,0.833844
2025-02-07,EUR,GBP,0.833848
2025-02-08,EUR,GBP,0.832775
2025-02-09,EUR,GBP,0.8327
2025-02-10,EUR,GBP,0.832544
2025-02-11,EUR,GBP,0.833493
2025-02-12,EUR,GBP,0.833596
2025-02-13,EUR,GBP,0.833798
2025-02-14,EUR,GBP,0.832823
2025-02-15,EUR,GBP,0.83364
2025-02-16,EUR,GBP,0.833623
2025-02-17,EUR,GBP,0.831896
2025-02-18,EUR,GBP,0.829524
2025-02-19,EUR,GBP,0.828256
2025-02-20,EUR,GBP,0.82831
2025-02-21,EUR,GBP,0.828108
2025-02-22,EUR,GBP,0.828
2025-02-23,EUR,GBP,0.828022
2025-02-24,EUR,GBP,0.82902
2025-02-25,EUR,GBP,0.829436
2025-02-26,EUR,GBP,0.828868
2025-02-27,EUR,GBP,0.826126
2025-02-28,EUR,GBP,0.82543
2025-03-01,EUR,GBP,0.82491
2025-03-02,EUR,GBP,0.825032
2025-03-03,EUR,GBP,0.825908
2025-03-04,EUR,GBP,0.827373
2025-03-05,EUR,GBP,0.833938
2025-03-06,EUR,GBP,0.83793
2025-03-07,EUR,GBP,0.83933
2025-03-08,EUR,GBP,0.83851
2025-03-09,EUR,GBP,0.838607
2025-03-10,EUR,GBP,0.839946
2025-03-11,EUR,GBP,0.843046
2025-03-12,EUR,GBP,0.84198
2025-03-13,EUR,GBP,0.83908
2025-03-14,EUR,GBP,0.840076
2025-03-15,EUR,GBP,0.841065
2025-03-16,EUR,GBP,0.841112
2025-03-17,EUR,GBP,0.840857
2025-03-18,EUR,GBP,0.841456
2025-03-19,EUR,GBP,0.840171
2025-03-20,EUR,GBP,0.837506
2025-03-21,EUR,GBP,0.83734
2025-03-22,EUR,GBP,0.837315
2025-03-23,EUR,GBP,0.837398
2025-03-24,EUR,GBP,0.836726
2025-03-25,EUR,GBP,0.835108
2025-03-26,EUR,GBP,0.835063
2025-03-27,EUR,GBP,0.833833
2025-03-28,EUR,GBP,0.834584
2025-03-29,EUR,GBP,0.83686
2025-03-30,EUR,GBP,0.83682
2025-03-31,EUR,GBP,0.836548
2025-04-01,EUR,GBP,0.8363
2025-04-02,EUR,GBP,0.835495
2025-04-03,EUR,GBP,0.839844
2025-04-04,EUR,GBP,0.847911
2025-04-05,EUR,GBP,0.849875
2025-04-06,EUR,GBP,0.850022
2025-04-07,EUR,GBP,0.854444
2025-04-08,EUR,GBP,0.857163
2025-04-09,EUR,GBP,0.859968
2025-04-10,EUR,GBP,0.859288
2025-04-11,EUR,GBP,0.868094
2025-04-12,EUR,GBP,0.86821
2025-04-13,EUR,GBP,0.867957
2025-04-14,EUR,GBP,0.863848
2025-04-15,EUR,GBP,0.856309
2025-04-16,EUR,GBP,0.857578
2025-04-17,EUR,GBP,0.858351
2025-04-18,EUR,GBP,0.857135
2025-04-19,EUR,GBP,0.85697
2025-04-20,EUR,GBP,0.857254
2025-04-21,EUR,GBP,0.860494
2025-04-22,EUR,GBP,0.858296
2025-04-23,EUR,GBP,0.8556
2025-04-24,EUR,GBP,0.85444
2025-04-25,EUR,GBP,0.853305
2025-04-26,EUR,GBP,0.85362
2025-04-27,EUR,GBP,0.853618
2025-04-28,EUR,GBP,0.851546
2025-04-29,EUR,GBP,0.84967
2025-04-30,EUR,GBP,0.850351
2025-05-01,EUR,GBP,0.84997
2025-05-02,EUR,GBP,0.851468
2025-05-03,EUR,GBP,0.851565
2025-05-04,EUR,GBP,0.85166
2025-05-05,EUR,GBP,0.85209
2025-05-06,EUR,GBP,0.849848
2025-05-07,EUR,GBP,0.850563
2025-05-08,EUR,GBP,0.848456
2025-05-09,EUR,GBP,0.847192
2025-05-10,EUR,GBP,0.845685
2025-05-11,EUR,GBP,0.845597
2025-05-12,EUR,GBP,0.843062
2025-05-13,EUR,GBP,0.841373
2025-05-14,EUR,GBP,0.841976
2025-05-15,EUR,GBP,0.84227
2025-05-16,EUR,GBP,0.841234
2025-05-17,EUR,GBP,0.840675
2025-05-18,EUR,GBP,0.84076
2025-05-19,EUR,GBP,0.841386
2025-05-20,EUR,GBP,0.841883
2025-05-21,EUR,GBP,0.843944
2025-05-22,EUR,GBP,0.842192
2025-05-23,EUR,GBP,0.840371
2025-05-24,EUR,GBP,0.839375
2025-05-25,EUR,GBP,0.839486
2025-05-26,EUR,GBP,0.839594
2025-05-27,EUR,GBP,0.838852
2025-05-28,EUR,GBP,0.838808
2025-05-29,EUR,GBP,0.83961
2025-05-30,EUR,GBP,0.842252
2025-05-31,EUR,GBP,0.84341
2025-06-01,EUR,GBP,0.8434
2025-06-02,EUR,GBP,0.843678
2025-06-03,EUR,GBP,0.843052
2025-06-04,EUR,GBP,0.841899
2025-06-05,EUR,GBP,0.842488
2025-06-06,EUR,GBP,0.842771
2025-06-07,EUR,GBP,0.842405
2025-06-08,EUR,GBP,0.842429
2025-06-09,EUR,GBP,0.84236
2025-06-10,EUR,GBP,0.845028
2025-06-11,EUR,GBP,0.847434
2025-06-12,EUR,GBP,0.85075
2025-06-13,EUR,GBP,0.850978
2025-06-14,EUR,GBP,0.85107
2025-06-15,EUR,GBP,0.851084
2025-06-16,EUR,GBP,0.851819
2025-06-17,EUR,GBP,0.853096
2025-06-18,EUR,GBP,0.855367
2025-06-19,EUR,GBP,0.854438
2025-06-20,EUR,GBP,0.854906
2025-06-21,EUR,GBP,0.856635
2025-06-22,EUR,GBP,0.856526
2025-06-23,EUR,GBP,0.856157
2025-06-24,EUR,GBP,0.85367
2025-06-25,EUR,GBP,0.852896
2025-06-26,EUR,GBP,0.852654
2025-06-27,EUR,GBP,0.853199
2025-06-28,EUR,GBP,0.854215
2025-06-29,EUR,GBP,0.854302
2025-06-30,EUR,GBP,0.856281
2025-07-01,EUR,GBP,0.858059
2025-07-02,EUR,GBP,0.861804
2025-07-03,EUR,GBP,0.862919
2025-07-04,EUR,GBP,0.862408
2025-07-05,EUR,GBP,0.86323
2025-07-06,EUR,GBP,0.863174
2025-07-07,EUR,GBP,0.862096
2025-07-08,EUR,GBP,0.862476
2025-07-09,EUR,GBP,0.862063
2025-07-10,EUR,GBP,0.86211
2025-07-11,EUR,GBP,0.864107
2025-07-12,EUR,GBP,0.86652
2025-07-13,EUR,GBP,0.866363
2025-07-14,EUR,GBP,0.867404
2025-07-15,EUR,GBP,0.868006
2025-07-16,EUR,GBP,0.867003
2025-07-17,EUR,GBP,0.865456
2025-07-18,EUR,GBP,0.86606
2025-07-19,EUR,GBP,0.86695
2025-07-20,EUR,GBP,0.866916
2025-07-21,EUR,GBP,0.866404
2025-07-22,EUR,GBP,0.867832
2025-07-23,EUR,GBP,0.866886
2025-07-24,EUR,GBP,0.868508
2025-07-25,EUR,GBP,0.87222
2025-07-26,EUR,GBP,0.873825
2025-07-27,EUR,GBP,0.873975
2025-07-28,EUR,GBP,0.870138
2025-07-29,EUR,GBP,0.86628
2025-07-30,EUR,GBP,0.863811
2025-07-31,EUR,GBP,0.863761
2025-08-01,EUR,GBP,0.868574
2025-08-02,EUR,GBP,0.872575
2025-08-03,EUR,GBP,0.872558
2025-08-04,EUR,GBP,0.870978
2025-08-05,EUR,GBP,0.86991
2025-08-06,EUR,GBP,0.87153
2025-08-07,EUR,GBP,0.87009
2025-08-08,EUR,GBP,0.866828
2025-08-09,EUR,GBP,0.865905
2025-08-10,EUR,GBP,0.865957
2025-08-11,EUR,GBP,0.865575
2025-08-12,EUR,GBP,0.86419
2025-08-13,EUR,GBP,0.863575
2025-08-14,EUR,GBP,0.860978
2025-08-15,EUR,GBP,0.862259
2025-08-16,EUR,GBP,0.863485
2025-08-17,EUR,GBP,0.863512
2025-08-18,EUR,GBP,0.863113
2025-08-19,EUR,GBP,0.863746
2025-08-20,EUR,GBP,0.864398
2025-08-21,EUR,GBP,0.865482
2025-08-22,EUR,GBP,0.865716
2025-08-23,EUR,GBP,0.86664
2025-08-24,EUR,GBP,0.866656
2025-08-25,EUR,GBP,0.865478
2025-08-26,EUR,GBP,0.864006
2025-08-27,EUR,GBP,0.86264
2025-08-28,EUR,GBP,0.86334
2025-08-29,EUR,GBP,0.865513
2025-08-30,EUR,GBP,0.865355
2025-08-31,EUR,GBP,0.865398
2025-09-01,EUR,GBP,0.865366
2025-09-02,EUR,GBP,0.86807
2025-09-03,EUR,GBP,0.868778
2025-09-04,EUR,GBP,0.867164
2025-09-05,EUR,GBP,0.867472
2025-09-06,EUR,GBP,0.867465
2025-09-07,EUR,GBP,0.867526
2025-09-08,EUR,GBP,0.86771
2025-09-09,EUR,GBP,0.8665
2025-09-10,EUR,GBP,0.864851
2025-09-11,EUR,GBP,0.864772
2025-09-12,EUR,GBP,0.86514
2025-09-13,EUR,GBP,0.8655
2025-09-14,EUR,GBP,0.865476
2025-09-15,EUR,GBP,0.864678
2025-09-16,EUR,GBP,0.866674
2025-09-17,EUR,GBP,0.867958
2025-09-18,EUR,GBP,0.86832
2025-09-19,EUR,GBP,0.871136
2025-09-20,EUR,GBP,0.871965
2025-09-21,EUR,GBP,0.871946
2025-09-22,EUR,GBP,0.872132
2025-09-23,EUR,GBP,0.873288
2025-09-24,EUR,GBP,0.873164
2025-09-25,EUR,GBP,0.873708
2025-09-26,EUR,GBP,0.873669
2025-09-27,EUR,GBP,0.873125
2025-09-28,EUR,GBP,0.873139
2025-09-29,EUR,GBP,0.872934
2025-09-30,EUR,GBP,0.873166
2025-10-01,EUR,GBP,0.871442
2025-10-02,EUR,GBP,0.87137
2025-10-03,EUR,GBP,0.871848
2025-10-04,EUR,GBP,0.871195
2025-10-05,EUR,GBP,0.871301
2025-10-06,EUR,GBP,0.869638
2025-10-07,EUR,GBP,0.868571
2025-10-08,EUR,GBP,0.86725
2025-10-09,EUR,GBP,0.868723
2025-10-10,EUR,GBP,0.870158
2025-10-11,EUR,GBP,0.86997
2025-10-12,EUR,GBP,0.869953
2025-10-13,EUR,GBP,0.868794
2025-10-14,EUR,GBP,0.87025
2025-10-15,EUR,GBP,0.870168
2025-10-16,EUR,GBP,0.868893
2025-10-17,EUR,GBP,0.869971
2025-10-18,EUR,GBP,0.86795
2025-10-19,EUR,GBP,0.867986
2025-10-20,EUR,GBP,0.868574
2025-10-21,EUR,GBP,0.868221
2025-10-22,EUR,GBP,0.869129
2025-10-23,EUR,GBP,0.870232
2025-10-24,EUR,GBP,0.872541
2025-10-25,EUR,GBP,0.873345
2025-10-26,EUR,GBP,0.87331
2025-10-27,EUR,GBP,0.872916
2025-10-28,EUR,GBP,0.87582
2025-10-29,EUR,GBP,0.879676
2025-10-30,EUR,GBP,0.879854
2025-10-31,EUR,GBP,0.87913
2025-11-01,EUR,GBP,0.87722
2025-11-02,EUR,GBP,0.877278
2025-11-03,EUR,GBP,0.877228
2025-11-04,EUR,GBP,0.879598
2025-11-05,EUR,GBP,0.881267
2025-11-06,EUR,GBP,0.880238
2025-11-07,EUR,GBP,0.879594
2025-11-08,EUR,GBP,0.878635
2025-11-09,EUR,GBP,0.878616
2025-11-10,EUR,GBP,0.878153
2025-11-11,EUR,GBP,0.87964
2025-11-12,EUR,GBP,0.88204
2025-11-13,EUR,GBP,0.88274
2025-11-14,EUR,GBP,0.883904
2025-11-15,EUR,GBP,0.882165
2025-11-16,EUR,GBP,0.882218
2025-11-17,EUR,GBP,0.881207
2025-11-18,EUR,GBP,0.881171
2025-11-19,EUR,GBP,0.882207
2025-11-20,EUR,GBP,0.88184
2025-11-21,EUR,GBP,0.880527
2025-11-22,EUR,GBP,0.878965
2025-11-23,EUR,GBP,0.87895
2025-11-24,EUR,GBP,0.879754
2025-11-25,EUR,GBP,0.878461
2025-11-26,EUR,GBP,0.877554
2025-11-27,EUR,GBP,0.87575
2025-11-28,EUR,GBP,0.875909
2025-11-29,EUR,GBP,0.876575
2025-11-30,EUR,GBP,0.876562
2025-12-01,EUR,GBP,0.877962
2025-12-02,EUR,GBP,0.879246
2025-12-03,EUR,GBP,0.877047
2025-12-04,EUR,GBP,0.873982
2025-12-05,EUR,GBP,0.873396
2025-12-06,EUR,GBP,0.87336
2025-12-07,EUR,GBP,0.873376
2025-12-08,EUR,GBP,0.873896
2025-12-09,EUR,GBP,0.873732
2025-12-10,EUR,GBP,0.873932
2025-12-11,EUR,GBP,0.87531
2025-12-12,EUR,GBP,0.877321
2025-12-13,EUR,GBP,0.877975
2025-12-14,EUR,GBP,0.877967
2025-12-15,EUR,GBP,0.878181
2025-12-16,EUR,GBP,0.877286
2025-12-17,EUR,GBP,0.877444
2025-12-18,EUR,GBP,0.87697
2025-12-19,EUR,GBP,0.87592
2025-12-20,EUR,GBP,0.875375
2025-12-21,EUR,GBP,0.875376
2025-12-22,EUR,GBP,0.874046
2025-12-23,EUR,GBP,0.873102
2025-12-24,EUR,GBP,0.872485
2025-12-25,EUR,GBP,0.871918
2025-12-26,EUR,GBP,0.872482
2025-12-27,EUR,GBP,0.872
2025-12-28,EUR,GBP,0.872026
2025-12-29,EUR,GBP,0.872017
2025-12-30,EUR,GBP,0.871914
2025-12-31,EUR,GBP,0.872493
2026-01-01,EUR,GBP,0.871789
2026-01-02,EUR,GBP,0.871487
2026-01-03,EUR,GBP,0.87074
2026-01-04,EUR,GBP,0.870752
2026-01-05,EUR,GBP,0.868178
2026-01-06,EUR,GBP,0.865714
2026-01-07,EUR,GBP,0.866506
2026-01-08,EUR,GBP,0.867946
2026-01-09,EUR,GBP,0.867764
2026-01-10,EUR,GBP,0.86816
2026-01-11,EUR,GBP,0.868156
2026-01-12,EUR,GBP,0.8676
2026-01-13,EUR,GBP,0.866289
2026-01-14,EUR,GBP,0.866516
2026-01-15,EUR,GBP,0.866867
2026-01-16,EUR,GBP,0.866975
2026-01-17,EUR,GBP,0.86697
2026-01-18,EUR,GBP,0.867001
2026-01-19,EUR,GBP,0.867483
2026-01-20,EUR,GBP,0.870184
2026-01-21,EUR,GBP,0.871876
2026-01-22,EUR,GBP,0.870671
2026-01-23,EUR,GBP,0.868443
2026-01-24,EUR,GBP,0.86687
2026-01-25,EUR,GBP,0.86699
2026-01-26,EUR,GBP,0.867903
2026-01-27,EUR,GBP,0.868462
2026-01-28,EUR,GBP,0.867882
2026-01-29,EUR,GBP,0.866313
2026-01-30,EUR,GBP,0.866498
2026-01-31,EUR,GBP,0.865765
