date,base,quote,rate
2025-08-05,UAH,KZT,12.9198
2025-08-06,UAH,KZT,12.9278
2025-08-07,UAH,KZT,12.9694
2025-08-08,UAH,KZT,13.0284
2025-08-09,UAH,KZT,13.0557
2025-08-10,UAH,KZT,13.0558
2025-08-11,UAH,KZT,13.0936
2025-08-12,UAH,KZT,13.0608
2025-08-13,UAH,KZT,12.984
2025-08-14,UAH,KZT,12.9755
2025-08-15,UAH,KZT,13.0542
2025-08-16,UAH,KZT,13.0768
2025-08-17,UAH,KZT,13.081
2025-08-18,UAH,KZT,13.0765
2025-08-19,UAH,KZT,13.0248
2025-08-20,UAH,KZT,13.011
2025-08-21,UAH,KZT,13.0313
2025-08-22,UAH,KZT,13.0159
2025-08-23,UAH,KZT,13.0034
2025-08-24,UAH,KZT,13.0044
2025-08-25,UAH,KZT,12.9444
2025-08-26,UAH,KZT,12.9116
2025-08-27,UAH,KZT,12.9934
2025-08-28,UAH,KZT,13.0315
2025-08-29,UAH,KZT,13.0193
2025-08-30,UAH,KZT,13.007
2025-08-31,UAH,KZT,13.0078
2025-09-01,UAH,KZT,13.0235
2025-09-02,UAH,KZT,13.0288
2025-09-03,UAH,KZT,13.0486
2025-09-04,UAH,KZT,13.059
2025-09-05,UAH,KZT,13.0421
2025-09-06,UAH,KZT,13.0229
2025-09-07,UAH,KZT,13.0224
2025-09-08,UAH,KZT,12.9885
2025-09-09,UAH,KZT,12.9999
2025-09-10,UAH,KZT,13.0318
2025-09-11,UAH,KZT,13.0386
2025-09-12,UAH,KZT,13.0816
2025-09-13,UAH,KZT,13.1076
2025-09-14,UAH,KZT,13.1085
2025-09-15,UAH,KZT,13.1139
2025-09-16,UAH,KZT,13.1208
2025-09-17,UAH,KZT,13.1506
2025-09-18,UAH,KZT,13.1246
2025-09-19,UAH,KZT,13.1074
2025-09-20,UAH,KZT,13.1002
2025-09-21,UAH,KZT,13.1
2025-09-22,UAH,KZT,13.1278
2025-09-23,UAH,KZT,13.1588
2025-09-24,UAH,KZT,13.1106
2025-09-25,UAH,KZT,13.0686
2025-09-26,UAH,KZT,13.1119
2025-09-27,UAH,KZT,13.1394
2025-09-28,UAH,KZT,13.1404
2025-09-29,UAH,KZT,13.2291
2025-09-30,UAH,KZT,13.3208
2025-10-01,UAH,KZT,13.3136
2025-10-02,UAH,KZT,13.2704
2025-10-03,UAH,KZT,13.2554
2025-10-04,UAH,KZT,13.2494
2025-10-05,UAH,KZT,13.2495
2025-10-06,UAH,KZT,13.2014
2025-10-07,UAH,KZT,13.1189
2025-10-08,UAH,KZT,13.0492
2025-10-09,UAH,KZT,13.04
2025-10-10,UAH,KZT,12.9656
2025-10-11,UAH,KZT,12.9106
2025-10-12,UAH,KZT,12.912
2025-10-13,UAH,KZT,12.9166
2025-10-14,UAH,KZT,12.9065
2025-10-15,UAH,KZT,12.9101
2025-10-16,UAH,KZT,12.89
2025-10-17,UAH,KZT,12.8815
2025-10-18,UAH,KZT,12.8908
2025-10-19,UAH,KZT,12.8908
2025-10-20,UAH,KZT,12.8883
2025-10-21,UAH,KZT,12.898
2025-10-22,UAH,KZT,12.896
2025-10-23,UAH,KZT,12.8618
2025-10-24,UAH,KZT,12.8334
2025-10-25,UAH,KZT,12.8365
2025-10-26,UAH,KZT,12.8318
2025-10-27,UAH,KZT,12.7831
2025-10-28,UAH,KZT,12.7206
2025-10-29,UAH,KZT,12.6202
2025-10-30,UAH,KZT,12.6163
2025-10-31,UAH,KZT,12.6322
2025-11-01,UAH,KZT,12.6204
2025-11-02,UAH,KZT,12.6194
2025-11-03,UAH,KZT,12.5488
2025-11-04,UAH,KZT,12.4666
2025-11-05,UAH,KZT,12.4637
2025-11-06,UAH,KZT,12.4972
2025-11-07,UAH,KZT,12.5131
2025-11-08,UAH,KZT,12.5174
2025-11-09,UAH,KZT,12.5187
2025-11-10,UAH,KZT,12.4825
2025-11-11,UAH,KZT,12.4807
2025-11-12,UAH,KZT,12.482
2025-11-13,UAH,KZT,12.4516
2025-11-14,UAH,KZT,12.4552
2025-11-15,UAH,KZT,12.47
2025-11-16,UAH,KZT,12.4704
2025-11-17,UAH,KZT,12.4437
2025-11-18,UAH,KZT,12.38
2025-11-19,UAH,KZT,12.3361
2025-11-20,UAH,KZT,12.298
2025-11-21,UAH,KZT,12.3024
2025-11-22,UAH,KZT,12.3184
2025-11-23,UAH,KZT,12.3182
2025-11-24,UAH,KZT,12.273
2025-11-25,UAH,KZT,12.2336
2025-11-26,UAH,KZT,12.2524
2025-11-27,UAH,KZT,12.2372
2025-11-28,UAH,KZT,12.1714
2025-11-29,UAH,KZT,12.1381
2025-11-30,UAH,KZT,12.137
2025-12-01,UAH,KZT,12.0908
2025-12-02,UAH,KZT,12.0122
2025-12-03,UAH,KZT,11.9374
2025-12-04,UAH,KZT,11.9406
2025-12-05,UAH,KZT,12.0058
2025-12-06,UAH,KZT,12.0408
2025-12-07,UAH,KZT,12.0408
2025-12-08,UAH,KZT,12.0824
2025-12-09,UAH,KZT,12.1784
2025-12-10,UAH,KZT,12.2274
2025-12-11,UAH,KZT,12.2913
2025-12-12,UAH,KZT,12.343
2025-12-13,UAH,KZT,12.3407
2025-12-14,UAH,KZT,12.3402
2025-12-15,UAH,KZT,12.2664
2025-12-16,UAH,KZT,12.2121
2025-12-17,UAH,KZT,12.159
2025-12-18,UAH,KZT,12.1645
2025-12-19,UAH,KZT,12.2344
2025-12-20,UAH,KZT,12.2464
2025-12-21,UAH,KZT,12.2464
2025-12-22,UAH,KZT,12.2366
2025-12-23,UAH,KZT,12.1687
2025-12-24,UAH,KZT,12.1576
2025-12-25,UAH,KZT,12.1648
2025-12-26,UAH,KZT,12.0922
2025-12-27,UAH,KZT,12.0826
2025-12-28,UAH,KZT,12.0838
2025-12-29,UAH,KZT,11.9891
2025-12-30,UAH,KZT,11.8564
2025-12-31,UAH,KZT,11.925
2026-01-01,UAH,KZT,11.9976
2026-01-02,UAH,KZT,11.988
2026-01-03,UAH,KZT,11.981
2026-01-04,UAH,KZT,11.9811
2026-01-05,UAH,KZT,12.042
2026-01-06,UAH,KZT,12.0155
2026-01-07,UAH,KZT,11.939
2026-01-08,UAH,KZT,11.8604
2026-01-09,UAH,KZT,11.8388
2026-01-10,UAH,KZT,11.8419
2026-01-11,UAH,KZT,11.841
2026-01-12,UAH,KZT,11.8086
2026-01-13,UAH,KZT,11.7971
2026-01-14,UAH,KZT,11.8035
2026-01-15,UAH,KZT,11.7823
2026-01-16,UAH,KZT,11.7658
2026-01-17,UAH,KZT,11.7736
2026-01-18,UAH,KZT,11.774
2026-01-19,UAH,KZT,11.7696
2026-01-20,UAH,KZT,11.7423
2026-01-21,UAH,KZT,11.7418
2026-01-22,UAH,KZT,11.7364
2026-01-23,UAH,KZT,11.6958
2026-01-24,UAH,KZT,11.7012
2026-01-25,UAH,KZT,11.7001
2026-01-26,UAH,KZT,11.6751
2026-01-27,UAH,KZT,11.698
2026-01-28,UAH,KZT,11.7638
2026-01-29,UAH,KZT,11.7516
2026-01-30,UAH,KZT,11.7318
2026-01-31,UAH,KZT,11.7082
2026-02-01,UAH,KZT,11.7087
2026-02-02,UAH,KZT,11.736
2026-02-03,UAH,KZT,11.6508
2026-02-04,UAH,KZT,11.546
2026-02-05,UAH,KZT,11.474
2026-02-06,UAH,KZT,11.481
2026-02-07,UAH,KZT,11.5196
2026-02-08,UAH,KZT,11.5185
2026-02-09,UAH,KZT,11.4824
2026-02-10,UAH,KZT,11.4303
2026-02-11,UAH,KZT,11.4376
2026-02-12,UAH,KZT,11.4779
2026-02-13,UAH,KZT,11.485
2026-02-14,UAH,KZT,11.4782
2026-02-15,UAH,KZT,11.478
2026-02-16,UAH,KZT,11.4112
2026-02-17,UAH,KZT,11.3426
2026-02-18,UAH,KZT,11.3052
2026-02-19,UAH,KZT,11.3402
2026-02-20,UAH,KZT,11.4648
2026-02-21,UAH,KZT,11.5321
2026-02-22,UAH,KZT,11.5316
2026-02-23,UAH,KZT,11.5132
2026-02-24,UAH,KZT,11.5251
2026-02-25,UAH,KZT,11.5744
2026-02-26,UAH,KZT,11.5734
2026-02-27,UAH,KZT,11.5512
2026-02-28,UAH,KZT,11.5588
2026-03-01,UAH,KZT,11.5572
2026-03-02,UAH,KZT,11.5378
2026-03-03,UAH,KZT,11.4842
2026-03-04,UAH,KZT,11.386
2026-03-05,UAH,KZT,11.2778
2026-03-06,UAH,KZT,11.2808
2026-03-07,UAH,KZT,11.3036
2026-03-08,UAH,KZT,11.3043
2026-03-09,UAH,KZT,11.3136
2026-03-10,UAH,KZT,11.194
2026-03-11,UAH,KZT,11.1334
2026-03-12,UAH,KZT,11.0968
2026-03-13,UAH,KZT,11.075
2026-03-14,UAH,KZT,11.0836
2026-03-15,UAH,KZT,11.0842
2026-03-16,UAH,KZT,11.0152
2026-03-17,UAH,KZT,10.9514
2026-03-18,UAH,KZT,10.9668
2026-03-19,UAH,KZT,10.9434
2026-03-20,UAH,KZT,10.9638
2026-03-21,UAH,KZT,10.9878
2026-03-22,UAH,KZT,10.9872
2026-03-23,UAH,KZT,10.9707
2026-03-24,UAH,KZT,10.9764
2026-03-25,UAH,KZT,10.9878
2026-03-26,UAH,KZT,10.9828
2026-03-27,UAH,KZT,11.0079
2026-03-28,UAH,KZT,11.031
2026-03-29,UAH,KZT,11.0315
2026-03-30,UAH,KZT,10.9966
2026-03-31,UAH,KZT,10.905
2026-04-01,UAH,KZT,10.8516
2026-04-02,UAH,KZT,10.8225
2026-04-03,UAH,KZT,10.794
2026-04-04,UAH,KZT,10.7996
2026-04-05,UAH,KZT,10.7998
2026-04-06,UAH,KZT,10.7302
2026-04-07,UAH,KZT,10.7063
2026-04-08,UAH,KZT,10.8976
2026-04-09,UAH,KZT,11.0022
2026-04-10,UAH,KZT,10.9284
2026-04-11,UAH,KZT,10.8968
2026-04-12,UAH,KZT,10.896
2026-04-13,UAH,KZT,10.91
2026-04-14,UAH,KZT,10.932
2026-04-15,UAH,KZT,10.9018
2026-04-16,UAH,KZT,10.8298
2026-04-17,UAH,KZT,10.7162
2026-04-18,UAH,KZT,10.666
2026-04-19,UAH,KZT,10.6657
2026-04-20,UAH,KZT,10.6092
2026-04-21,UAH,KZT,10.5486
2026-04-22,UAH,KZT,10.5396
2026-04-23,UAH,KZT,10.5598
2026-04-24,UAH,KZT,10.555
2026-04-25,UAH,KZT,10.5438
2026-04-26,UAH,KZT,10.5436
2026-04-27,UAH,KZT,10.4588
2026-04-28,UAH,KZT,10.3946
2026-04-29,UAH,KZT,10.457
2026-04-30,UAH,KZT,10.5218
2026-05-01,UAH,KZT,10.5412
2026-05-02,UAH,KZT,10.5408
2026-05-03,UAH,KZT,10.541
2026-05-04,UAH,KZT,10.5406
2026-05-05,UAH,KZT,10.5508
2026-05-06,UAH,KZT,10.5585
2026-05-07,UAH,KZT,10.5576
2026-05-08,UAH,KZT,10.541
2026-05-09,UAH,KZT,10.5266
2026-05-10,UAH,KZT,10.5266
2026-05-11,UAH,KZT,10.5301
2026-05-12,UAH,KZT,10.552
2026-05-13,UAH,KZT,10.6248
2026-05-14,UAH,KZT,10.724
2026-05-15,UAH,KZT,10.6711
2026-05-16,UAH,KZT,10.6492
2026-05-17,UAH,KZT,10.6465
2026-05-18,UAH,KZT,10.6014
2026-05-19,UAH,KZT,10.6272
2026-05-20,UAH,KZT,10.6522
2026-05-21,UAH,KZT,10.6479
2026-05-22,UAH,KZT,10.6586
2026-05-23,UAH,KZT,10.668
2026-05-24,UAH,KZT,10.6674
2026-05-25,UAH,KZT,10.6738
2026-05-26,UAH,KZT,10.78
2026-05-27,UAH,KZT,10.8384
2026-05-28,UAH,KZT,10.884
2026-05-29,UAH,KZT,10.9579
2026-05-30,UAH,KZT,10.984
2026-05-31,UAH,KZT,10.9832
2026-06-01,UAH,KZT,11.0155
2026-06-02,UAH,KZT,11.0518
2026-06-03,UAH,KZT,11.0342
2026-06-04,UAH,KZT,10.955
2026-06-05,UAH,KZT,10.949
2026-06-06,UAH,KZT,10.9548
2026-06-07,UAH,KZT,10.9552
2026-06-08,UAH,KZT,10.9204
2026-06-09,UAH,KZT,10.8821
2026-06-10,UAH,KZT,10.8286
2026-06-11,UAH,KZT,10.8455
2026-06-12,UAH,KZT,10.8902
2026-06-13,UAH,KZT,10.9076
2026-06-14,UAH,KZT,10.9084
2026-06-15,UAH,KZT,10.9183
